timestamp,workload_size_gb,ceph_osd_recovery_bytes,ceph_osd_recovery_ops,ceph_pg_backfilling,ceph_pg_recovering,ceph_pg_forced_recovery,ceph_osd_flag_nobackfill,ceph_pg_recovery_wait,ceph_pg_recovery_unfound,ceph_mds_cache_recovery_started,ceph_mds_cache_recovery_completed,ceph_num_objects_degraded,ceph_pg_degraded,recovery_time_sec,replication_rate_mbps,net_tx_mbps,net_rx_mbps,disk_write_MBps,disk_reads_completed,cpu_user_delta,cpu_system_delta,cpu_iowait_delta
36:18.9,7074.121841,6.4185E+12,2196637,0,0,0,0,0,0,0,0,0,0,0,0,,,,,,,
36:36.2,7074.169186,6.4185E+12,2196637,0,0,0,0,0,0,0,0,0,0,0,0,31.20751392,47.3391556,4.020502737,11.09297205,0.344344341,0.099374541,0.002888795
36:53.6,7074.183571,6.4185E+12,2196637,0,0,0,0,0,0,0,0,0,0,0,0,40.53222046,49.86572589,4.471110594,10.68891186,0.560305864,0.152862933,0.006321399
37:11.0,7074.213436,6.4185E+12,2196637,0,0,0,0,0,0,0,0,0,0,0,0,38.18041358,48.92053951,4.241088888,44.05448493,0.556144738,0.197267472,0.006901486
37:28.4,7074.219452,6.4185E+12,2196637,0,0,0,0,0,0,0,0,0,0,0,0,34.36874341,48.33460732,4.201418634,11.02920775,0.358449252,0.094782254,0.005744379
37:45.9,7074.254177,6.4185E+12,2196637,0,0,0,0,0,0,0,0,0,0,0,0,34.78380694,49.26418701,4.414347884,10.61530169,0.341858372,0.086177987,0.005136436
38:03.3,7074.30912,6.4185E+12,2196637,0,0,0,0,0,0,0,0,0,0,0,0,34.8388746,44.01279333,4.035381306,12.26776519,0.664408404,0.20350732,0.00515934
38:20.7,7074.292068,6.4185E+12,2196637,0,0,0,0,0,0,0,0,0,0,0,0,48.04467511,56.84066968,27.2564431,12.32261055,0.560275704,0.161806241,0.010940636
38:38.0,7074.365604,6.4185E+12,2196637,0,0,0,0,0,0,0,0,0,0,0,0,34.10137399,42.71847043,24.02654092,9.690968848,0.350720777,0.106139183,0.009806338
38:55.4,7074.46138,6.4185E+12,2196637,0,0,0,0,0,0,0,0,0,0,0,0,40.01661077,72.80993535,6.441743968,12.33004914,0.357801893,0.104863035,0.005761705
39:12.7,7074.435013,6.4185E+12,2196637,0,0,0,0,0,0,0,0,0,0,0,0,44.58112462,49.31021922,4.751935063,9.57983977,0.490533964,0.127538831,0.005770988
39:30.1,7074.504845,6.4185E+12,2196637,0,0,0,0,0,0,0,0,0,0,0,0,3735.675968,3869.848819,307.6426428,3604.638783,0.848657286,0.43955506,0.22293773
39:47.6,7112.638699,6.46049E+12,2220609,124,0,0,0,0,0,0,0,182224,128,0,0,10094.89761,10963.03067,887.6809258,9365.311418,1.473988474,0.866111057,0.641013592
40:05.0,7143.20472,6.49315E+12,2239039,124,0,0,0,0,0,0,0,163845,128,17.384443,15026.103,10229.41661,10564.17057,848.6156811,9224.684392,1.497890959,0.866867003,0.515403341
40:22.3,7174.105198,6.52629E+12,2257519,124,0,0,0,0,0,0,0,145312,128,34.664457,15342.36343,9951.278819,10751.89243,851.2837613,8872.041423,1.622105167,0.872684478,0.561342138
40:39.7,7204.050846,6.55821E+12,2275431,124,0,0,0,0,0,0,0,127463,128,52.044459,14694.09221,9840.590606,10752.28268,877.0893383,8754.026611,1.462600522,0.893555708,0.49079396
40:57.0,7234.363953,6.59058E+12,2293936,124,0,0,0,0,0,0,0,108892,128,69.408459,14912.75974,9992.527341,10847.94905,863.1711308,9085.118636,1.476618291,0.881709284,0.58281502
41:14.3,7264.878159,6.6232E+12,2312330,124,0,0,0,0,0,0,0,90555,128,86.724438,15071.87634,9785.728196,8732.742482,697.9999649,9118.456427,1.372720538,0.825249326,0.44756349
41:31.5,7317.188305,6.6791E+12,2344082,91,0,0,0,0,0,0,0,58701,95,103.920453,26007.38826,8384.438389,5575.415272,445.5981062,7768.311437,1.345660608,0.671667244,0.206443179
41:48.9,7331.063389,6.6964E+12,2353782,74,0,0,0,0,0,0,0,48988,78,121.30447,7960.636065,5430.217374,2977.501976,237.624658,5074.949018,0.859410112,0.414748789,0.075356576
42:06.3,7344.278099,6.71019E+12,2361523,69,0,0,0,0,0,0,0,41239,69,138.696063,6340.461266,3921.814756,2320.645252,186.3100474,3642.679541,0.732537842,0.337519398,0.057499046
42:23.7,7355.135464,6.72182E+12,2368161,59,0,0,0,0,0,0,0,34598,59,156.104463,5347.911565,4013.049606,1931.175211,153.5854952,3666.735599,0.64451644,0.303301854,0.051124744
42:41.1,7364.763065,6.73208E+12,2374065,58,0,0,0,0,0,0,0,28687,58,173.518882,4712.065734,3867.075925,1890.599999,172.9697654,3560.210651,0.859632469,0.356026807,0.064888757
42:58.5,7373.994686,6.74181E+12,2379751,49,0,0,0,0,0,0,0,22993,49,190.928925,4469.344141,3323.051191,1596.676671,130.5177325,3106.310536,0.686385438,0.304996375,0.032165343
43:16.0,7381.760269,6.74999E+12,2384358,41,0,0,0,0,0,0,0,18375,41,208.380455,3749.581215,1829.294573,1408.832362,113.0605226,1689.078264,0.677304512,0.289372909,0.022920626
43:33.3,7393.021618,6.76196E+12,2391311,27,0,0,0,0,0,0,0,11408,27,225.718197,5523.481018,1671.352901,1038.583651,83.71571144,1509.423776,0.778071331,0.306268256,0.016726515
43:50.7,7396.83696,6.7658E+12,2393564,25,0,0,0,0,0,0,0,9150,25,243.108548,1767.397312,1081.924263,1059.613311,85.79155835,973.6433727,0.588832278,0.193210591,0.013800757
44:08.2,7400.278461,6.76935E+12,2395571,19,0,0,0,0,0,0,0,7135,19,260.605479,1622.53589,632.5633724,793.3387221,87.31933117,580.7875678,0.529807199,0.19546285,0.015431278
44:25.6,7402.547878,6.77159E+12,2396904,13,0,0,0,0,0,0,0,5797,13,278.009911,1032.971365,347.8774551,326.1047439,26.98284516,273.4360995,0.444139746,0.162602261,0.006894796
44:43.0,7404.158497,6.77329E+12,2397879,12,0,0,0,0,0,0,0,4822,12,295.424448,777.0504622,352.3350121,283.8050541,44.76212711,281.7186584,0.445604727,0.155617115,0.011484658
45:00.4,7405.632282,6.77474E+12,2398761,11,0,0,0,0,0,0,0,3937,11,312.7925,667.4913894,76.15510916,216.8433213,18.44532565,49.97681951,0.554466327,0.139912064,0.005757698
45:17.8,7407.309353,6.77632E+12,2399750,3,0,0,0,0,0,0,0,2938,3,330.14357,730.0174258,53.41751627,55.17756496,5.145913732,16.65603332,0.393635666,0.103163667,0.006339667
45:35.2,7407.588234,6.7766E+12,2399907,2,0,0,0,0,0,0,0,2780,2,347.620474,126.8931802,39.34150717,46.55410272,4.114805603,15.39174215,0.373063788,0.101848703,0.00457747
45:52.7,7407.670242,6.77662E+12,2399926,2,0,0,0,0,0,0,0,2762,2,365.055376,9.005213565,37.77035787,49.66353353,4.474064885,15.37146581,0.494984142,0.13306642,0.004588497
46:10.1,7407.712635,6.77664E+12,2399943,2,0,0,0,0,0,0,0,2744,2,382.488459,13.43947207,33.90505971,44.36484723,3.988409476,11.47244007,0.371133436,0.106693693,0.006309842
46:27.6,7407.732056,6.77667E+12,2399961,2,0,0,0,0,0,0,0,2727,2,399.930471,13.47658745,48.05112392,52.06233868,4.873850885,11.2372357,0.365783489,0.102052447,0.005159955
46:44.9,7407.835369,6.7767E+12,2399979,2,0,0,0,0,0,0,0,2708,2,417.255799,13.59004251,39.68200683,46.94811204,4.152608972,13.44851884,0.364206669,0.09927662,0.005194707
47:02.2,7408.023769,6.77676E+12,2400014,2,0,0,0,0,0,0,0,2673,2,434.540448,28.43114396,55.70958091,66.42491242,50.05966114,13.36445999,0.531685659,0.148108301,0.019092086
47:19.5,7408.114605,6.77679E+12,2400032,2,0,0,0,0,0,0,0,2655,2,451.898791,13.54421583,38.77340228,45.90480324,25.36109365,12.90445753,0.41651441,0.110033544,0.010369653
47:37.0,7408.206627,6.77685E+12,2400050,2,0,0,0,0,0,0,0,2637,2,469.362494,27.34912246,43.66148004,50.8605924,4.594462476,16.37682455,0.356167303,0.104216156,0.003435697
47:54.3,7408.210907,6.7769E+12,2400068,2,0,0,0,0,0,0,0,2619,2,486.708437,19.22220037,44.43649423,48.60416986,4.446622439,13.25958468,0.359161794,0.096852618,0.004035526
48:11.5,7408.259651,6.77692E+12,2400086,2,0,0,0,0,0,0,0,2601,2,503.92938,9.231821509,37.12025201,49.23712064,4.38510394,13.53003723,0.36757569,0.098136322,0.00696826
48:28.9,7408.335991,6.77694E+12,2400103,2,0,0,0,0,0,0,0,2584,2,521.259271,13.50290316,48.55036653,49.84488131,26.32880903,12.7525326,0.75938158,0.256204727,0.012117791
48:46.2,7408.415031,6.77699E+12,2400123,2,0,0,0,0,0,0,0,2566,2,538.584452,19.44449573,49.75082269,60.15218427,5.207489788,13.67951077,0.373444872,0.100431851,0.004617556
49:03.7,7408.475113,6.77705E+12,2400157,2,0,0,0,0,0,0,0,2530,2,556.06009,28.38685123,44.21520473,46.82957292,25.05608629,11.21561342,0.370801913,0.103572757,0.009727828
49:21.2,7408.589401,6.77708E+12,2400175,2,0,0,0,0,0,0,0,2512,2,573.540459,15.36911263,39.15688141,43.53439038,4.532763296,9.839609221,0.461088665,0.117274412,0.006292773
49:38.6,7408.605721,6.77711E+12,2400192,2,0,0,0,0,0,0,0,2495,2,590.991805,11.22087752,39.96254409,49.70125651,4.257596019,12.1480601,0.402834257,0.114604341,0.006303239
49:56.0,7408.652794,6.77714E+12,2400212,2,0,0,0,0,0,0,0,2476,2,608.376487,16.16262362,44.35927353,56.09960585,5.121921054,9.548635977,0.365264087,0.089734169,0.006327409
50:13.4,7408.740925,6.77716E+12,2400228,2,0,0,0,0,0,0,0,2459,2,625.794752,9.638486038,47.66706167,50.86466098,4.201991774,11.71184386,0.360541076,0.106210349,0.00344466
50:30.7,7408.599014,6.77719E+12,2400247,2,0,0,0,0,0,0,0,2441,2,643.10146,13.51319546,61.75092848,89.48802233,7.688041394,11.55621277,0.499806202,0.12654053,0.005778106
50:48.2,7408.835361,6.77724E+12,2400281,2,0,0,0,0,0,0,0,2406,2,660.597935,21.81950684,36.80346493,48.17360937,4.085197876,11.08794772,0.364073335,0.104020953,0.00457235
51:05.6,7408.953125,6.7773E+12,2400301,2,0,0,0,0,0,0,0,2387,2,678.010714,26.9868032,37.85965239,51.73966499,4.837951915,13.89783905,0.36984332,0.102223775,0.005168618
51:23.1,7409.02037,6.77732E+12,2400317,2,0,0,0,0,0,0,0,2370,2,695.460486,9.616343411,63.45679932,63.1338853,5.535306923,13.0660733,0.362182383,0.10315321,0.007449954
51:40.5,7409.127239,6.77735E+12,2400336,2,0,0,0,0,0,0,0,2352,2,712.836461,14.26753802,46.55468669,52.341701,26.53616829,12.60360929,0.573205245,0.152509428,0.009208116
51:57.8,7409.238235,6.77738E+12,2400353,2,0,0,0,0,0,0,0,2334,2,730.2066,15.4662615,38.29252581,50.17724176,4.404784484,15.08335656,0.349450284,0.103626114,0.005757006
52:15.3,7409.307518,6.77743E+12,2400371,2,0,0,0,0,0,0,0,2317,2,747.647523,19.26601247,33.86345092,50.06961111,4.091602728,13.07270263,0.357205866,0.09804527,0.004586913
52:32.6,7409.340855,6.77748E+12,2400406,2,0,0,0,0,0,0,0,2281,2,765.024471,26.99190261,44.35643774,51.06285454,4.711589565,13.81140117,0.370605931,0.091500533,0.0046038
52:50.1,7409.36515,6.77753E+12,2400425,2,0,0,0,0,0,0,0,2262,2,782.484466,20.70795415,45.8717034,51.73297564,26.37345937,14.08935111,0.516036803,0.142038987,0.010882019
53:07.7,7409.485813,6.77756E+12,2400442,2,0,0,0,0,0,0,0,2245,2,800.066324,15.26962531,41.4895486,51.06812352,4.449277346,14.21920254,0.367424194,0.096690577,0.006256449
53:25.1,7409.588345,6.7776E+12,2400460,2,0,0,0,0,0,0,0,2227,2,817.514864,15.39189548,37.48467207,49.61943544,4.467601587,11.11840876,0.351891906,0.10258738,0.005731139
53:42.5,7409.500366,6.77763E+12,2400479,2,0,0,0,0,0,0,0,2209,2,834.928463,17.13415636,48.40520102,62.29483245,5.225688663,9.762485056,0.488698517,0.12002114,0.004594111
54:00.0,7409.621017,6.77766E+12,2400496,2,0,0,0,0,0,0,0,2192,2,852.352624,13.48198975,49.3414775,53.1069248,26.19499333,11.13396507,0.381653958,0.108470072,0.009756567
54:17.4,7409.805237,6.77774E+12,2400531,2,0,0,0,0,0,0,0,2156,2,869.804013,32.69802765,51.76354593,54.49134118,5.001392726,18.96697163,0.389653798,0.109446876,0.005730203
54:34.9,7409.920956,6.77777E+12,2400549,2,0,0,0,0,0,0,0,2138,2,887.25476,16.98666768,49.26152858,74.71738236,6.668936848,9.397878498,0.377634264,0.102574406,0.006303455
54:52.2,7410.012173,6.77781E+12,2400568,2,0,0,0,0,0,0,0,2120,2,904.564452,15.25580097,67.97635128,71.93583803,6.124808846,13.74952252,0.509541129,0.135184381,0.00577711
55:09.6,7410.059208,6.77783E+12,2400585,2,0,0,0,0,0,0,0,2103,2,922.012465,11.60408856,46.98244092,55.68222261,4.842174758,14.3282791,0.356487584,0.093993511,0.004585049
55:27.0,7410.132236,6.77787E+12,2400603,2,0,0,0,0,0,0,0,2084,2,939.348037,17.50420326,35.66227962,55.58923305,26.24615949,12.7483535,0.382450605,0.123445595,0.011536971
55:44.3,7410.21307,6.7779E+12,2400620,2,0,0,0,0,0,0,0,2067,2,956.724448,12.47842031,60.31599045,69.22957152,5.502925417,13.23633517,0.367164428,0.109919131,0.004603943
56:01.6,7410.115135,6.77793E+12,2400655,2,0,0,0,0,0,0,0,2032,2,973.938148,15.50898459,38.62230619,51.38490667,4.873480135,13.36145047,0.510058848,0.116186526,0.004647461
56:19.0,7410.18634,6.77795E+12,2400674,2,0,0,0,0,0,0,0,2014,2,991.359821,9.961156773,37.52626651,52.02415451,25.80612881,16.35893407,0.387448439,0.117669526,0.012053951
56:36.5,7410.26796,6.77798E+12,2400692,2,0,0,0,0,0,0,0,1995,2,1008.857224,13.0727432,51.80322726,64.28732584,5.705701637,14.85934798,0.370340673,0.095442735,0.00514362
56:53.9,7410.356808,6.77801E+12,2400710,2,0,0,0,0,0,0,0,1977,2,1026.29613,15.30286223,47.60770337,65.52823623,27.20563569,28.32746504,0.509779685,0.14794506,0.01204204
57:11.4,7410.425999,6.77804E+12,2400727,2,0,0,0,0,0,0,0,1960,2,1043.793748,10.92603302,64.86471153,57.15782525,5.10940082,14.51626158,0.384623781,0.105728677,0.005715064
57:28.9,7410.501102,6.77807E+12,2400745,2,0,0,0,0,0,0,0,1943,2,1061.244029,15.44205414,41.24704422,54.92565077,5.181965712,13.18030351,0.361598762,0.101431031,0.007449737
57:46.4,7410.578213,6.77813E+12,2400781,2,0,0,0,0,0,0,0,1906,2,1078.809928,24.9836732,50.82940896,60.65623126,5.494543807,12.75198041,0.382559412,0.097916992,0.003984994
58:03.9,7410.717213,6.77817E+12,2400799,2,0,0,0,0,0,0,0,1888,2,1096.233984,21.18469133,62.24235964,58.46208529,5.550762513,12.28187054,0.538336195,0.12626222,0.005165273
58:21.4,7410.519909,6.77821E+12,2400816,2,0,0,0,0,0,0,0,1871,2,1113.796459,15.88027291,48.71231737,60.65399324,5.667267854,11.84343323,0.370107288,0.101352457,0.007402146
58:38.9,7410.635586,6.77825E+12,2400834,2,0,0,0,0,0,0,0,1854,2,1131.240467,17.90899568,40.77501226,48.31670428,4.446817067,12.03851775,0.37720689,0.104907083,0.003439577
58:56.3,7410.695965,6.77827E+12,2400852,2,0,0,0,0,0,0,0,1835,2,1148.722164,13.46193153,40.73809814,48.25867695,26.00498842,13.09941478,0.390122309,0.124701852,0.010296483
59:13.8,7410.725437,6.7783E+12,2400871,2,0,0,0,0,0,0,0,1816,2,1166.174278,13.47033007,36.77275452,56.40322496,5.56746664,10.88693324,0.77297226,0.225760616,0.007448954
59:31.2,7410.771862,6.77834E+12,2400888,2,0,0,0,0,0,0,0,1799,2,1183.582045,18.4132869,46.62546322,53.95938905,5.076308035,12.40825432,0.369375348,0.101678751,0.005170106
59:48.7,7410.922291,6.77842E+12,2400923,2,0,0,0,0,0,0,0,1764,2,1201.074391,32.88027941,48.2765461,55.87661072,4.761122558,11.43357215,0.365874309,0.105760542,0.00400175
00:06.1,7411.00663,6.77846E+12,2400941,2,0,0,0,0,0,0,0,1746,2,1218.51648,18.08398616,38.54736712,49.3094271,4.652897368,11.2371861,0.37323511,0.10147867,0.005733258
00:23.7,7411.07954,6.77849E+12,2400960,2,0,0,0,0,0,0,0,1728,2,1236.066019,16.38629072,103.6078967,191.3932317,15.82996532,9.458937924,0.531637897,0.144733147,0.006267971
00:41.1,7411.200462,6.77851E+12,2400977,2,0,0,0,0,0,0,0,1710,2,1253.510913,9.641856236,48.12818605,51.10535564,8.305841884,11.57931943,0.355978087,0.095730017,0.009171738
00:58.6,7410.89024,6.77854E+12,2400995,2,0,0,0,0,0,0,0,1693,2,1270.957034,12.7305828,41.08615503,65.9532805,5.998378522,14.78838763,0.382319944,0.102028411,0.00515874
01:16.1,7410.94627,6.77856E+12,2401012,2,0,0,0,0,0,0,0,1675,2,1288.431719,8.684516144,43.2703944,64.127908,48.91327887,11.33067635,0.524759101,0.15336471,0.016595435
01:33.5,7411.164318,6.77861E+12,2401049,2,0,0,0,0,0,0,0,1638,2,1305.891276,23.61265638,44.51887113,65.20425369,5.810023112,3746.60136,0.475957093,0.153497594,0.010882292
01:51.0,7411.279289,6.77866E+12,2401065,2,0,0,0,0,0,0,0,1622,2,1323.337753,21.16568199,41.40088523,53.20936714,4.493598389,12.95390468,0.360531241,0.096867694,0.005158635
02:08.6,7411.335526,6.77871E+12,2401084,2,0,0,0,0,0,0,0,1604,2,1341.018779,22.88079346,38.87733619,63.92432702,5.500798745,11.31156077,0.381765176,0.106328671,0.003959046
02:26.1,7411.437294,6.77875E+12,2401101,2,0,0,0,0,0,0,0,1586,2,1358.456462,20.47293462,49.54275313,65.66425551,5.846488823,13.76329642,0.576338038,0.137059493,0.006881648
02:43.6,7411.564137,6.7788E+12,2401120,2,0,0,0,0,0,0,0,1567,2,1375.952466,20.36543293,38.07972609,58.98684934,5.094355224,12.00274074,0.336076741,0.084590744,0.005144032
03:01.0,7411.639957,6.77884E+12,2401138,2,0,0,0,0,0,0,0,1549,2,1393.406284,21.15939928,90.07738066,93.86470788,5.617055392,11.11504658,0.363817246,0.107139882,0.005729405
03:18.5,7411.834873,6.7789E+12,2401173,2,0,0,0,0,0,0,0,1514,2,1410.890993,25.38066467,73.70257337,73.89568886,6.215140434,12.46803707,0.363746403,0.100087454,0.00686314
03:36.0,7411.962963,6.77894E+12,2401190,2,0,0,0,0,0,0,0,1497,2,1428.340476,17.43240232,113.2410811,136.8288539,28.82965071,14.67092177,0.535259412,0.150720798,0.013753989
03:53.4,7412.066994,6.77897E+12,2401209,2,0,0,0,0,0,0,0,1479,2,1445.772456,17.39363492,53.72237049,75.57926891,27.14277688,14.5709208,0.372304236,0.131941409,0.010899508
04:10.8,7412.19109,6.77899E+12,2401227,2,0,0,0,0,0,0,0,1460,2,1463.159302,7.733230972,36.644507,57.6447358,5.017599763,12.19312577,0.355441119,0.102951392,0.005176327
04:28.2,7412.293106,6.77902E+12,2401244,2,0,0,0,0,0,0,0,1444,2,1480.626293,11.56801741,49.36049306,52.3079397,4.61204759,10.30515216,0.483769643,0.120799284,0.005725085
04:45.7,7412.375782,6.77905E+12,2401262,2,0,0,0,0,0,0,0,1425,2,1498.064462,17.31951147,36.39579912,75.6373461,6.46099764,9.863420867,0.338911729,0.098634209,0.005734547
05:03.1,7412.624893,6.77911E+12,2401298,2,0,0,0,0,0,0,0,1389,2,1515.468946,26.01462887,44.04610168,67.12771123,5.868189629,12.29568196,0.376339798,0.091930332,0.004596517
05:20.5,7412.752739,6.77913E+12,2401316,2,0,0,0,0,0,0,0,1371,2,1532.893852,9.737117205,62.43433853,80.84374952,28.31211471,12.68299525,0.399428267,0.110187108,0.012625606
05:38.0,7412.990276,6.77915E+12,2401333,2,0,0,0,0,0,0,0,1354,2,1550.401312,9.870340072,135.1001345,148.9752455,10.97300094,31.70077213,0.507212354,0.13479968,0.005140666
05:55.5,7413.160278,6.77918E+12,2401351,2,0,0,0,0,0,0,0,1336,2,1567.83246,11.59302646,46.9344096,54.51349091,25.85837783,12.3916107,0.37977992,0.103837108,0.010326342
06:12.9,7413.230278,6.77922E+12,2401369,2,0,0,0,0,0,0,0,1318,2,1585.314254,19.19477646,64.97202564,78.44231364,6.799875541,14.75821074,0.363807055,0.098388072,0.006864284
06:30.4,7413.411514,6.77925E+12,2401387,2,0,0,0,0,0,0,0,1300,2,1602.800454,11.69938489,59.45342361,58.24663426,5.028630613,11.89509442,0.355709074,0.102366438,0.005718795
06:47.9,7413.588367,6.77932E+12,2401422,2,0,0,0,0,0,0,0,1265,2,1620.268768,32.77698306,49.45997971,67.8315684,5.650968412,11.10582281,0.49460984,0.118500274,0.002862325
07:05.3,7413.723305,6.77934E+12,2401440,2,0,0,0,0,0,0,0,1247,2,1637.692457,8.852844423,42.09182613,64.37956922,5.614101547,12.8560605,0.370759602,0.094124729,0.006887175
07:22.8,7413.781025,6.77937E+12,2401458,2,0,0,0,0,0,0,0,1229,2,1655.153353,14.20991683,41.66048615,52.32049031,4.313768642,12.25595754,0.33274352,0.081324578,0.004581666
07:40.3,7413.936115,6.7794E+12,2401476,2,0,0,0,0,0,0,0,1211,2,1672.630801,13.37567498,56.03933389,73.52344988,6.530849248,14.41858102,0.632243334,0.189959083,0.006865991
07:57.7,7413.868015,6.77943E+12,2401495,2,0,0,0,0,0,0,0,1193,2,1690.075864,14.74142639,47.4460521,52.21534826,4.691513582,39.89667449,0.500428115,0.159357407,0.005732281
08:15.2,7414.020439,6.77947E+12,2401511,2,0,0,0,0,0,0,0,1176,2,1707.537157,19.2173457,34.27485422,76.08315421,28.21609219,11.51117503,0.391150873,0.119120617,0.01088121
08:32.6,7414.237114,6.77952E+12,2401547,2,0,0,0,0,0,0,0,1140,2,1724.994255,23.08942025,51.83179564,61.86367196,5.608615834,10.9983916,0.36203039,0.087643433,0.005155496
08:50.3,7414.398247,6.77955E+12,2401564,2,0,0,0,0,0,0,0,1123,2,1742.679102,13.28361393,47.79579897,60.281419,5.293859413,14.24948715,0.52587393,0.135709401,0.00678547
09:07.8,7414.520882,6.77958E+12,2401584,2,0,0,0,0,0,0,0,1103,2,1760.17916,15.35855618,42.53602405,60.4658412,5.392950876,10.17139486,0.400570101,0.099999669,0.00514284
09:25.2,7414.593727,6.77961E+12,2401600,2,0,0,0,0,0,0,0,1087,2,1777.576583,12.27496555,37.29349019,55.92307228,5.188055097,8.507007044,0.365571384,0.109211577,0.004598382
09:42.6,7414.739635,6.77965E+12,2401619,2,0,0,0,0,0,0,0,1068,2,1794.935118,19.30324834,53.87211674,64.79244475,27.67376259,8.180413843,0.349683887,0.115217096,0.010945624
10:00.0,7414.834568,6.77968E+12,2401636,2,0,0,0,0,0,0,0,1051,2,1812.393285,13.45554319,37.96889238,50.88713426,4.506867223,11.57051597,0.762393898,0.22854633,0.006300776
10:17.5,7414.674358,6.77974E+12,2401673,2,0,0,0,0,0,0,0,1015,2,1829.868461,27.37842068,47.86481944,86.80830499,7.226098538,11.10146187,0.39770701,0.111014619,0.004577922
10:34.9,7414.642014,6.77977E+12,2401689,2,0,0,0,0,0,0,0,998,2,1847.308759,11.58075487,53.67047329,74.26630348,27.93872935,9.518185985,0.383020978,0.105502784,0.011467694
10:52.3,7414.700718,6.77979E+12,2401708,2,0,0,0,0,0,0,0,980,2,1864.661333,9.702581761,35.22557195,43.96492186,3.848492448,13.60028777,0.340007194,0.091052774,0.0034577
11:09.8,7414.745495,6.77983E+12,2401725,2,0,0,0,0,0,0,0,962,2,1882.163081,17.74924927,36.52431334,45.66808024,4.211186505,11.08460709,0.507377892,0.122273501,0.005713715
11:27.2,7414.802971,6.77985E+12,2401743,2,0,0,0,0,0,0,0,944,2,1899.616477,10.76203714,37.08599014,51.41472708,4.723180914,12.71958764,0.349502183,0.10026702,0.004583635
11:44.7,7414.884151,6.77989E+12,2401762,2,0,0,0,0,0,0,0,926,2,1917.064488,17.69934785,48.94406268,52.12996209,4.829861947,11.80650333,0.355914494,0.106602409,0.005731312
12:02.0,7415.049824,6.77995E+12,2401797,2,0,0,0,0,0,0,0,890,2,1934.403413,29.09957336,40.83725467,49.1511731,4.591029468,11.76543529,0.370265169,0.099198768,0.006920844
12:19.5,7415.118008,6.77998E+12,2401815,2,0,0,0,0,0,0,0,872,2,1951.868479,11.53909868,35.48055667,44.25274225,25.08249226,10.64983093,0.515886971,0.137989745,0.009161145
12:36.9,7415.189194,6.78E+12,2401832,2,0,0,0,0,0,0,0,855,2,1969.26059,10.85175135,37.46884642,46.54612381,4.50730803,10.69450396,0.342109132,0.106370066,0.005749733
12:54.4,7415.262054,6.78003E+12,2401851,2,0,0,0,0,0,0,0,837,2,1986.768022,13.32818154,41.53604526,47.04936555,3.984133888,11.42371994,0.350708202,0.097672805,0.003998302
13:11.7,7415.31004,6.78006E+12,2401868,2,0,0,0,0,0,0,0,819,2,2004.04443,15.5416751,33.64136804,43.37581006,25.2618249,11.46071568,0.507049845,0.141811886,0.010418832
13:29.1,7415.357868,6.7801E+12,2401886,2,0,0,0,0,0,0,0,801,2,2021.476913,15.41058494,56.61512798,53.97090982,4.876851163,9.637181347,0.419332117,0.098092739,0.004015492
13:46.7,7415.576813,6.78016E+12,2401921,2,0,0,0,0,0,0,0,766,2,2039.07648,28.77100829,49.61486246,64.91605481,5.572202962,9.545689391,0.360804331,0.097161481,0.005681958
14:04.2,7415.612942,6.78021E+12,2401941,2,0,0,0,0,0,0,0,748,2,2056.554262,21.11931182,36.02967562,49.15422106,25.83190333,14.64716747,0.40680219,0.113858841,0.012015255
14:21.7,7415.657848,6.78022E+12,2401957,2,0,0,0,0,0,0,0,730,2,2074.051519,7.423387106,32.57173121,48.51160019,3.844910698,10.51593401,0.427495578,0.106873895,0.003429109
14:39.1,7415.724224,6.78026E+12,2401975,2,0,0,0,0,0,0,0,712,2,2091.499623,17.10812544,44.59488871,56.69715174,5.081923049,13.86970183,0.378264595,0.100297431,0.005158154
14:56.5,7415.825951,6.78029E+12,2401993,2,0,0,0,0,0,0,0,694,2,2108.864467,12.79659524,85.18694208,74.92686303,6.227785936,10.82647215,0.355315602,0.097323074,0.006334638
15:13.9,7415.944248,6.78031E+12,2402010,2,0,0,0,0,0,0,0,677,2,2126.28473,7.707302238,61.47563765,75.13713059,27.90078786,13.08820653,0.378869136,0.114808829,0.009184706
15:31.5,7416.137291,6.78036E+12,2402046,2,0,0,0,0,0,0,0,642,2,2143.87657,25.96331435,49.2710202,57.12139446,5.177182823,13.30162166,0.50705327,0.128468654,0.006252899
15:48.9,7416.223209,6.7804E+12,2402065,2,0,0,0,0,0,0,0,623,2,2161.291447,17.6512994,35.79414727,67.14398821,5.608418703,12.86256572,0.37152143,0.10910212,0.006316439
16:06.5,7416.360229,6.78042E+12,2402082,2,0,0,0,0,0,0,0,605,2,2178.835907,7.866822005,54.98455011,78.79886186,6.99728985,15.95945387,0.37960701,0.111716177,0.007409746
16:24.1,7416.484482,6.78046E+12,2402099,2,0,0,0,0,0,0,0,588,2,2196.492263,19.71281866,45.66694826,76.69008849,6.23679884,12.00700756,0.347750125,0.094017135,0.004530946
16:41.6,7416.602818,6.7805E+12,2402119,2,0,0,0,0,0,0,0,569,2,2213.996212,18.8492711,50.8809764,59.37722968,5.605431523,11.540253,0.503314995,0.119972927,0.006284296
16:59.1,7416.766373,6.78054E+12,2402135,2,0,0,0,0,0,0,0,552,2,2231.454377,15.32792662,68.24497718,72.3920467,6.186888413,10.99771941,0.358571476,0.096802843,0.006873575
17:16.5,7417.013977,6.78061E+12,2402171,2,0,0,0,0,0,0,0,516,2,2248.907919,32.81801574,80.7547676,89.33233655,7.487567298,10.42768282,0.370125445,0.092244886,0.008021294
17:34.0,7417.18837,6.78063E+12,2402181,1,0,0,0,0,0,0,0,506,1,2266.402138,9.59973669,45.45561617,64.93604956,5.888496562,14.34759677,0.377267485,0.104605984,0.006287791
17:51.7,7417.315056,6.78065E+12,2402188,1,0,0,0,0,0,0,0,498,1,2284.064463,9.499199228,70.00763988,72.53187471,27.9084285,12.68236203,0.508993012,0.156264818,0.009625007
18:09.2,7417.467899,6.78067E+12,2402195,1,0,0,0,0,0,0,0,491,1,2301.532477,9.604723697,39.9857124,75.14242981,28.25499188,11.67848846,0.407029672,0.120219734,0.011449498
18:26.6,7417.555759,6.78069E+12,2402203,1,0,0,0,0,0,0,0,483,1,2319.009215,9.152341358,59.94621239,80.38240958,6.760996031,11.32934533,0.342741306,0.093839022,0.008010648
18:44.1,7417.670635,6.7807E+12,2402210,1,0,0,0,0,0,0,0,476,1,2336.476462,3.864810522,73.24458399,65.39436787,6.004765304,13.7400015,0.376705041,0.098470011,0.006297501
19:01.6,7417.895718,6.78074E+12,2402225,1,0,0,0,0,0,0,0,461,1,2354.003769,17.2390709,36.94540639,65.67896186,5.825062358,13.9211346,0.50777909,0.119813044,0.005134845
19:19.1,7417.997318,6.78075E+12,2402233,1,0,0,0,0,0,0,0,454,1,2371.456456,7.700666379,69.05090591,83.39662678,7.440204623,13.75146417,0.377019309,0.105427892,0.008021687
19:36.5,7418.116325,6.78077E+12,2402240,1,0,0,0,0,0,0,0,446,1,2388.844488,5.789524197,47.83304149,58.41429875,5.365804552,12.65238067,0.370369689,0.100643937,0.00632619
19:53.9,7418.169823,6.78078E+12,2402247,1,0,0,0,0,0,0,0,439,1,2406.280467,7.698591516,36.26664198,42.92656007,3.724339195,12.61758803,0.341248404,0.08774959,0.004588214
20:11.4,7418.205608,6.7808E+12,2402255,1,0,0,0,0,0,0,0,431,1,2423.796954,7.672174449,51.74761538,64.49618488,28.02928517,11.70325991,0.779265842,0.264893297,0.009705142
20:29.0,7418.255577,6.7808E+12,2402262,1,0,0,0,0,0,0,0,424,1,2441.392457,1.944178123,151.6952535,169.1014192,15.47869753,13.18518715,0.408058809,0.123895293,0.007956578
20:46.5,7418.485634,6.78083E+12,2402277,1,0,0,0,0,0,0,0,409,1,2458.846556,11.78626522,55.22815701,53.90769882,20.36686921,9.625246196,0.399333131,0.093960737,0.00859397
21:03.9,7418.520985,6.78084E+12,2402285,1,0,0,0,0,0,0,0,402,1,2476.296461,5.824043627,44.97455682,52.69289294,5.052017565,11.91983567,0.380517831,0.111748459,0.006303759
21:21.4,7418.567455,6.78086E+12,2402292,1,0,0,0,0,0,0,0,394,1,2493.823703,7.68463036,34.71456331,42.0552824,3.97695645,10.6120518,0.483247735,0.12209565,0.004564323
21:38.9,7418.631008,6.78088E+12,2402300,1,0,0,0,0,0,0,0,386,1,2511.269372,7.697432755,38.90430662,47.41070898,6.802032964,12.72522137,0.407551009,0.120946924,0.007451706
21:56.3,7418.4548,6.78088E+12,2402307,1,0,0,0,0,0,0,0,379,1,2528.68337,1.93226254,58.55253366,61.92382565,5.242953471,12.17411418,0.351441409,0.101642368,0.005168256
22:13.8,7418.532303,6.78089E+12,2402314,1,0,0,0,0,0,0,0,372,1,2546.168469,5.765887399,34.49685747,52.70289542,4.495066324,11.20954477,0.51014867,0.130396745,0.004575324
22:31.2,7418.333153,6.78091E+12,2402322,1,0,0,0,0,0,0,0,364,1,2563.560475,9.544257057,35.90628706,56.10344477,47.84789624,12.64948966,0.402483762,0.115570337,0.01609935
22:48.7,7418.379669,6.78093E+12,2402337,1,0,0,0,0,0,0,0,350,1,2581.046126,8.180272156,34.16442888,45.55120493,3.995686949,9.379118913,0.345426087,0.101797754,0.004003282
23:06.1,7418.356438,6.78094E+12,2402344,1,0,0,0,0,0,0,0,342,1,2598.524238,3.840281605,35.84368609,43.91233424,4.10323477,9.840879839,0.36159512,0.104702384,0.005721442
23:23.7,7418.251514,6.78096E+12,2402352,1,0,0,0,0,0,0,0,335,1,2616.087417,9.552725278,34.15809222,42.47687779,3.557914046,11.7290839,0.535210625,0.128108926,0.003985611
23:41.2,7418.278214,6.78097E+12,2402359,1,0,0,0,0,0,0,0,327,1,2633.590313,5.761041144,48.31212161,57.90274478,5.227259963,11.42668048,0.355941097,0.09941212,0.00571334
23:58.6,7418.343487,6.78098E+12,2402366,1,0,0,0,0,0,0,0,320,1,2651.00846,1.994767871,35.88462309,46.24273156,3.963404158,12.97497374,0.349635354,0.098173474,0.005167025
24:16.4,7418.518089,6.78101E+12,2402381,1,0,0,0,0,0,0,0,305,1,2668.755682,13.27921722,36.06550118,47.76321703,4.275647162,8.790108108,0.389356712,0.095226171,0.005071216
24:33.8,7418.557667,6.78102E+12,2402389,1,0,0,0,0,0,0,0,297,1,2686.200459,6.76254354,44.70863319,50.32216531,4.756079714,10.31827463,0.492410995,0.13184462,0.006305612
24:51.6,7418.587826,6.78103E+12,2402396,1,0,0,0,0,0,0,0,290,1,2703.931707,3.785420631,39.62824004,50.96679083,25.43377975,9.813184047,0.380119888,0.111667267,0.008459641
25:09.1,7418.569595,6.78104E+12,2402404,1,0,0,0,0,0,0,0,282,1,2721.437465,5.789082198,42.46197805,56.36226023,5.021785189,9.711090488,0.381588732,0.107393236,0.004569925
25:26.5,7418.65617,6.78106E+12,2402411,1,0,0,0,0,0,0,0,275,1,2738.836457,5.785949439,70.34624627,65.24761388,5.303490606,9.195935029,0.45577353,0.109776474,0.004597968
25:44.0,7418.725582,6.78107E+12,2402418,1,0,0,0,0,0,0,0,268,1,2756.373566,7.65401002,57.82605833,71.5460725,5.993540612,7.8690279,0.37862569,0.100358617,0.003991536
26:01.6,7418.971024,6.7811E+12,2402433,1,0,0,0,0,0,0,0,253,1,2773.973811,11.28950466,67.73918659,72.55662407,6.110421865,10.68166949,0.371585736,0.089771478,0.005113565
26:19.1,7419.111805,6.78111E+12,2402440,1,0,0,0,0,0,0,0,246,1,2791.456117,7.681536292,48.57573,65.54537371,5.35150458,8.694505176,0.354072283,0.101245225,0.002860035
26:36.6,7419.189098,6.78112E+12,2402448,1,0,0,0,0,0,0,0,238,1,2808.972258,4.620423642,38.66712788,70.37322935,28.09439983,8.106808457,0.506390078,0.135303775,0.012559844
26:54.1,7419.282013,6.78114E+12,2402455,1,0,0,0,0,0,0,0,231,1,2826.505367,7.685700009,38.16581303,72.34442585,5.767102365,9.353731845,0.380423118,0.097529765,0.005703495
27:11.6,7419.354595,6.78117E+12,2402463,1,0,0,0,0,0,0,0,224,1,2843.983539,11.51897761,68.71935486,73.63112161,28.13486981,12.01498646,0.383907425,0.106418452,0.011442844
27:29.1,7419.503193,6.78117E+12,2402470,1,0,0,0,0,0,0,0,216,1,2861.512783,3.433284402,36.74313576,46.45505031,3.807699508,10.04036455,0.345137531,0.098121744,0.005134277
27:46.7,7419.631454,6.78119E+12,2402485,1,0,0,0,0,0,0,0,201,1,2879.052479,6.325033227,89.06433544,84.90363163,7.281251482,12.31492268,0.531366108,0.135692204,0.006271488
28:04.2,7419.769669,6.78119E+12,2402492,1,0,0,0,0,0,0,0,194,1,2896.564464,1.936475391,35.74596529,53.41068166,4.427882711,9.936052366,0.368319183,0.095934299,0.0045683
28:21.6,7419.84211,6.7812E+12,2402500,1,0,0,0,0,0,0,0,186,1,2914.019431,5.767692829,58.23342914,92.40946213,7.424574514,7.791478494,0.341450087,0.08708123,0.003437417
28:39.1,7419.413132,6.78122E+12,2402507,1,0,0,0,0,0,0,0,179,1,2931.497658,5.795970037,49.93765924,53.7950418,4.573994405,7.895537688,0.489180052,0.124154469,0.005721404
28:56.6,7419.496651,6.78123E+12,2402515,1,0,0,0,0,0,0,0,171,1,2949.012033,7.681911573,46.4116357,65.29633173,26.65076455,9.477928844,0.362559326,0.111908075,0.009706313
29:14.2,7419.591064,6.78125E+12,2402522,1,0,0,0,0,0,0,0,164,1,2966.536513,7.659469268,34.9666268,51.28982315,4.905693439,10.44253524,0.361209006,0.09986031,0.005135673
29:31.6,7419.838257,6.78128E+12,2402537,1,0,0,0,0,0,0,0,149,1,2984.015702,11.53593339,73.66423785,71.59621513,27.12919284,9.611429912,0.370726582,0.097830626,0.008581634
29:49.1,7419.962383,6.7813E+12,2402544,1,0,0,0,0,0,0,0,142,1,3001.440979,11.55390023,45.9335913,76.35793497,6.176148233,9.124675608,0.498700824,0.12223622,0.005164911
30:06.6,7420.029835,6.78132E+12,2402552,1,0,0,0,0,0,0,0,134,1,3018.974807,7.086811163,44.41191096,48.48977508,4.474497989,11.00729401,0.369000996,0.102658701,0.005703261
30:24.1,7420.114716,6.78133E+12,2402559,1,0,0,0,0,0,0,0,127,1,3036.449604,7.687196595,49.55165179,79.22190478,6.42163665,12.1889828,0.352507671,0.089843676,0.004005769
30:41.6,7420.212902,6.78135E+12,2402567,1,0,0,0,0,0,0,0,119,1,3053.974345,5.779937746,51.23627037,51.26835849,4.732483457,10.38531753,0.342373106,0.081598923,0.004564975
30:59.0,7420.288979,6.78136E+12,2402574,1,0,0,0,0,0,0,0,112,1,3071.38448,7.300685032,46.98430012,49.92279773,25.93260962,15.16358144,0.774261658,0.238941283,0.009764427
31:16.5,7420.404911,6.7814E+12,2402589,1,0,0,0,0,0,0,0,97,1,3088.8713,15.35557957,50.22730674,53.88816583,4.717112928,12.23778823,0.377998973,0.090353764,0.005718593
31:34.0,7420.391151,6.7814E+12,2402597,1,0,0,0,0,0,0,0,89,1,3106.404327,1.915688831,50.57096142,51.05392971,4.816858011,12.54774774,0.358181163,0.095248812,0.005703522
31:51.7,7420.468922,6.78141E+12,2402604,1,0,0,0,0,0,0,0,82,1,3124.042854,3.834910251,41.44418681,44.57248386,3.719330737,11.96245015,0.342432222,0.088442759,0.003401645
32:09.1,7420.500965,6.78142E+12,2402611,1,0,0,0,0,0,0,0,75,1,3141.471911,7.605859112,37.38412927,45.15544542,25.46360601,10.49970747,0.534165446,0.146307399,0.009753827
32:26.6,7420.569366,6.78144E+12,2402619,1,0,0,0,0,0,0,0,67,1,3158.948525,7.680465335,32.54616346,39.47133421,3.452381422,12.58825079,0.33072768,0.084112403,0.003433159
32:44.1,7419.97842,6.78146E+12,2402626,1,0,0,0,0,0,0,0,60,1,3176.470455,7.670556383,41.88835317,51.45233522,4.716968429,11.87083843,0.368110134,0.099874843,0.005707134
33:01.7,7419.915459,6.78149E+12,2402641,1,0,0,0,0,0,0,0,45,1,3194.088462,13.36878479,68.43356845,83.21550105,4.323080499,12.37370379,0.515949392,0.128845448,0.003973208
33:19.2,7419.937515,6.7815E+12,2402649,1,0,0,0,0,0,0,0,38,1,3211.592481,5.751744214,45.59814932,52.47164505,4.656073557,10.79752027,0.350205287,0.098263147,0.006855568
33:36.7,7419.890343,6.78151E+12,2402656,1,0,0,0,0,0,0,0,30,1,3229.121605,3.85126878,106.9973943,130.6911857,5.801617104,11.86596661,0.403899248,0.110102479,0.005704792
33:54.3,7419.94294,6.78152E+12,2402663,1,0,0,0,0,0,0,0,23,1,3246.65718,3.129147918,35.75424199,41.93672075,3.812784867,10.83511661,0.345012924,0.099226857,0.005132424
34:11.7,7419.969845,6.78153E+12,2402671,1,0,0,0,0,0,0,0,15,1,3264.055574,7.7225583,35.96530622,45.09368301,4.244060903,10.11587621,0.586261008,0.134495172,0.005172891
34:29.1,7420.03344,6.78154E+12,2402678,1,0,0,0,0,0,0,0,8,1,3281.45924,3.869740548,48.527664,55.81656738,26.74566705,376.5298645,0.350500866,0.102277302,0.01091724
34:46.5,7420.115604,6.78155E+12,2402685,0,0,0,0,0,0,0,0,0,0,3298.91136,5.731978923,37.86611919,64.51976814,5.468477379,6410.625185,0.590759174,0.20226769,0.014324907
35:04.0,7420.203682,6.78155E+12,2402685,0,0,0,0,0,0,0,0,0,0,3316.33306,0,34.47551961,53.02804893,4.760978317,10.67634043,0.36735795,0.109633388,0.004017978
35:21.5,7420.34333,6.78155E+12,2402685,0,0,0,0,0,0,0,0,0,0,3333.882078,0,41.7481165,63.40327419,27.08440367,14.58771083,0.498033565,0.140178784,0.011966482
35:39.0,7421.36832,6.78306E+12,2403551,10,0,0,0,0,0,0,0,0,0,3351.397588,689.2236401,2824.370825,86.38248912,7.318179181,2842.052558,0.48185865,0.194684597,0.010276606
35:56.5,7424.998177,6.7869E+12,2405675,10,0,0,0,0,0,0,0,0,0,3368.83311,1761.558944,2889.517523,81.32048814,6.43979859,2851.018742,0.476613204,0.187548156,0.006308959
36:13.9,7428.098026,6.7905E+12,2407803,10,0,0,0,0,0,0,0,0,0,3386.299825,1648.172478,2899.320536,75.91583741,6.300823452,2797.893021,0.630914285,0.229007,0.008587762
36:31.5,7435.086803,6.79828E+12,2412123,11,0,0,0,0,0,0,0,0,0,3403.831561,3552.222304,3311.236454,64.22136222,5.389333663,3204.702603,0.545296826,0.198497171,0.008555913
36:48.8,7438.997528,6.80222E+12,2414435,11,0,0,0,0,0,0,0,0,0,3421.206794,1811.961788,3298.18142,88.70283811,29.56446415,3163.698582,0.534093557,0.23942125,0.014963828
37:06.2,7442.886536,6.80639E+12,2416755,11,0,0,0,0,0,0,0,0,0,3438.600035,1916.039285,3612.09858,74.33195826,6.129468805,3443.464044,0.525491483,0.220775415,0.00862404
37:23.7,7438.26363,6.80953E+12,2418601,6,0,0,0,0,0,0,0,0,0,3456.128206,1432.927172,2488.356107,58.99861383,26.45005539,2395.515197,0.656086707,0.22021693,0.013121734
37:41.2,7427.057781,6.81091E+12,2419439,3,0,0,0,0,0,0,0,0,0,3473.537472,634.8072949,1098.353108,96.83810909,8.518048305,923.8758257,0.423912186,0.146473723,0.005744068
37:58.8,7422.10006,6.81136E+12,2419702,1,0,0,0,0,0,0,0,0,0,3491.180258,203.9896393,586.851215,55.4489605,4.742443845,586.5853613,0.388827479,0.131498506,0.003400823
38:16.3,7422.47551,6.81172E+12,2419893,1,0,0,0,0,0,0,0,0,0,3508.642927,164.6164966,557.867515,82.65771011,7.052320796,533.9389987,0.400282454,0.124265082,0.005726501
38:33.8,7423.279037,6.81231E+12,2420251,0,0,0,0,0,0,0,0,0,0,3526.156043,272.1648196,365.9916419,63.75522117,5.903276471,289.9541121,0.807394869,0.251811271,0.007423008
38:51.3,7420.904552,6.81231E+12,2420251,0,0,0,0,0,0,0,0,0,0,3543.679261,0,55.02671576,74.16506397,6.482693775,12.21236876,0.372077777,0.10329153,0.005706714
39:08.8,7421.020752,6.81231E+12,2420251,0,0,0,0,0,0,0,0,0,0,3561.175048,0,63.59247835,67.595191,27.61166963,12.51729916,0.388664997,0.121172028,0.01200289
39:26.3,7421.034641,6.81231E+12,2420251,0,0,0,0,0,0,0,0,0,0,3578.649475,0,62.17624555,63.52140897,27.3928197,10.98748474,0.380556112,0.113308436,0.012589826
39:43.8,7421.099289,6.81231E+12,2420251,0,0,0,0,0,0,0,0,0,0,3596.167371,0,74.87899049,90.00815714,7.775642156,9.590192795,0.548011017,0.140998668,0.007991827
40:01.3,7421.199451,6.81231E+12,2420251,0,0,0,0,0,0,0,0,0,0,3613.720994,0,38.52328969,56.17267182,4.935880082,1820.421915,0.540059451,0.127039301,0.006266513
40:18.9,7421.380592,6.81231E+12,2420251,0,0,0,0,0,0,0,0,0,0,3631.321436,0,72.66694143,82.20847136,6.658768321,1635.299841,0.537486502,0.135223877,0.00454534
40:36.5,7421.513775,6.81231E+12,2420251,0,0,0,0,0,0,0,0,0,0,3648.879384,0,126.4743976,135.3454101,7.60072447,13.09948065,0.523979226,0.134981605,0.006834512
40:54.0,7421.592449,6.81231E+12,2420251,0,0,0,0,0,0,0,0,0,0,3666.34906,0,37.09395366,48.30275318,4.172464421,11.21944105,0.398977062,0.109332308,0.006296625
41:11.6,7421.616459,6.81231E+12,2420251,0,0,0,0,0,0,0,0,0,0,3684.0045,0,42.08482462,48.31649123,4.501644571,10.08187845,0.382884822,0.102517977,0.003964784
41:29.1,7421.749084,6.81231E+12,2420251,0,0,0,0,0,0,0,0,0,0,3701.526361,0,54.33731223,50.51549673,26.32520607,12.38452925,0.380667328,0.113001695,0.010843597
41:46.6,7421.691948,6.81231E+12,2420251,0,0,0,0,0,0,0,0,0,0,3718.947921,0,38.33080941,47.67791128,4.666788415,9.528423402,0.669859645,0.207214509,0.003444008
42:04.1,7421.778893,6.81231E+12,2420251,0,0,0,0,0,0,0,0,0,0,3736.476457,0,47.30651733,58.15176076,5.118996568,11.40996601,0.510595979,0.148329558,0.005704983
42:21.6,7421.866741,6.81231E+12,2420251,0,0,0,0,0,0,0,0,0,0,3753.964463,0,36.74457385,48.08054663,4.342931879,9.606584078,0.335658622,0.081198508,0.004002743
42:39.0,7421.876358,6.81231E+12,2420251,0,0,0,0,0,0,0,0,0,0,3771.392279,0,34.18342126,49.9741356,4.6149061,12.27922076,0.36378626,0.099840393,0.006311749
42:56.5,7421.501556,6.81231E+12,2420251,0,0,0,0,0,0,0,0,0,0,3788.83247,0,31.33300226,44.41982178,3.809895918,11.35308667,0.483939654,0.131305901,0.003440329
43:13.9,7421.506981,6.81231E+12,2420251,0,0,0,0,0,0,0,0,0,0,3806.266839,0,36.50535285,51.90385634,6.177632526,12.73346916,0.422728233,0.107832982,0.008030116
43:31.3,7421.508785,6.81231E+12,2420251,0,0,0,0,0,0,0,0,0,0,3823.71647,0,32.50559373,43.44522128,3.643634534,10.8884824,0.351869905,0.092838639,0.005157702
43:48.8,7421.615067,6.81231E+12,2420251,0,0,0,0,0,0,0,0,0,0,3841.143907,0,46.71029205,59.59235245,49.61627865,12.73853407,0.394205987,0.133123419,0.016640427
44:06.2,7421.684978,6.81231E+12,2420251,0,0,0,0,0,0,0,0,0,0,3858.60184,0,33.41121403,47.40359812,4.341966361,9.394010161,0.538437168,0.130026848,0.005155249
44:23.7,7421.702545,6.81231E+12,2420251,0,0,0,0,0,0,0,0,0,0,3876.056458,0,44.43331891,56.48629515,5.063689485,9.052045711,0.347186057,0.085937143,0.006874971
44:41.2,7421.770153,6.81231E+12,2420251,0,0,0,0,0,0,0,0,0,0,3893.611834,0,38.14511748,57.53998183,5.316102137,10.02541899,0.366839195,0.107659329,0.006265887
44:58.7,7421.556549,6.81231E+12,2420251,0,0,0,0,0,0,0,0,0,0,3911.077915,0,33.03219308,46.32841403,3.838690259,10.07667375,0.470053929,0.125385884,0.004007768
45:16.2,7421.556034,6.81231E+12,2420251,0,0,0,0,0,0,0,0,0,0,3928.539207,0,36.44996899,69.88860023,6.319782207,9.506742113,0.459301637,0.120266015,0.005154258
45:33.6,7421.687149,6.81231E+12,2420251,0,0,0,0,0,0,0,0,0,0,3945.974037,0,46.56930432,62.650845,6.666791417,9.980022748,0.375684764,0.087755372,0.00630921
45:51.1,7421.371765,6.81231E+12,2420251,0,0,0,0,0,0,0,0,0,0,3963.432201,0,36.25251636,70.49475672,27.58195383,10.88316045,0.373464243,0.117996371,0.010310363
25:51.4,4265.234692,1.2592E+12,321152,0,0,0,0,0,0,207,207,0,0,0,0,,,,,,,
26:06.9,4265.279243,1.2592E+12,321152,0,0,0,0,0,0,207,207,0,0,0,0,231.9730664,240.0048631,18.5207768,100.2095003,0.429929006,0.202092377,0.021882614
26:22.4,4265.386341,1.2592E+12,321152,0,0,0,0,0,0,207,207,0,0,0,0,165.9965652,189.3461401,16.30982042,94.58671469,0.367908815,0.180410627,0.025128623
26:37.9,4265.805752,1.2592E+12,321152,0,0,0,0,0,0,207,207,0,0,0,0,163.6977349,179.8933763,16.39807752,89.24515877,0.318548471,0.157984566,0.021924389
26:53.5,4266.212452,1.2592E+12,321152,0,0,0,0,0,0,207,207,0,0,0,0,217.4566186,235.4440324,19.75815087,91.6546566,0.400264007,0.182406947,0.022559163
27:09.0,4266.442226,1.2592E+12,321152,0,0,0,0,0,0,207,207,0,0,0,0,272.3884121,305.7980851,23.73242111,96.5874643,0.511952247,0.234698511,0.03159403
27:24.5,4266.897366,1.2592E+12,321152,0,0,0,0,0,0,207,207,0,0,0,0,172.6776698,176.7105111,16.57706532,110.3739958,0.365980325,0.192655136,0.023195936
27:40.0,4267.356659,1.2592E+12,321152,0,0,0,0,0,0,207,207,0,0,0,0,175.2407608,187.8949016,16.73514091,92.90344077,0.361040436,0.174717782,0.019341452
27:55.5,4266.842678,1.2592E+12,321152,0,0,0,0,0,0,207,207,0,0,0,0,242.7486675,270.6567708,22.64387564,92.61361888,0.388899806,0.186388133,0.033536965
28:11.0,4266.956078,1.2592E+12,321152,0,0,0,0,0,0,207,207,0,0,0,0,236.5018148,268.8441133,74.20867018,96.2876906,0.512374257,0.290023164,0.039958747
28:26.5,4266.127087,1.2592E+12,321152,0,0,0,0,0,0,207,207,0,0,0,0,141.032196,158.616593,14.81677737,82.9753625,0.351743384,0.166852631,0.024480309
28:42.1,4266.386555,1.2592E+12,321152,0,0,0,0,0,0,207,207,0,0,0,0,171.0184229,187.8652965,16.87738916,91.19497382,0.391203881,0.163055324,0.021268086
28:57.6,4266.398663,1.2592E+12,321152,0,0,0,0,0,0,207,207,39788,25,0,0,242.2090709,267.5601,22.56748281,97.11386743,0.426243469,0.201192076,0.027083549
29:13.1,4266.637058,1.2592E+12,321152,0,0,0,0,0,0,207,207,50788,32,15.521552,0,272.3111988,295.8230223,24.505367,93.4184932,0.52765342,0.259638985,0.030924743
29:28.6,4267.325726,1.2592E+12,321152,0,0,0,0,0,0,207,207,50788,32,31.064458,0,225.269691,244.9794956,20.76811601,93.93352826,0.450366231,0.207168466,0.025091833
29:44.1,4267.192028,1.2592E+12,321152,0,0,0,0,0,0,207,207,50788,32,46.576773,0,256.4165645,279.2170886,24.64586705,2261.557994,0.550530337,0.264950783,0.047059385
29:59.7,4266.83345,1.2592E+12,321152,0,0,0,0,0,0,207,207,0,0,62.101054,0,196.8847438,228.647431,18.84434596,5479.351991,0.485046618,0.269899778,0.050243873
30:15.2,4267.107292,1.2592E+12,321152,0,0,0,0,0,0,207,207,0,0,77.625546,0,326.0591947,327.2639249,23.61792257,103.7070971,0.503720186,0.246062802,0.025765738
30:30.7,4267.378036,1.2592E+12,321152,0,0,0,0,0,0,207,207,0,0,93.129571,0,148.3935497,158.3521982,14.81785073,89.13814316,0.366356478,0.18833819,0.019349814
30:46.2,4267.411625,1.2592E+12,321152,0,0,0,0,0,0,207,207,0,0,108.654129,0,196.8661132,210.9634956,36.61851939,94.81751429,0.390993418,0.209989875,0.032851177
31:01.7,4266.884193,1.2592E+12,321152,0,0,0,0,0,0,207,207,0,0,124.165555,0,204.5208001,229.4706857,19.69566257,87.54836596,0.393258492,0.19598456,0.02449807
31:17.2,4266.971981,1.2592E+12,321152,0,0,0,0,0,0,207,207,0,0,139.674496,0,178.257294,200.3688989,17.40175635,94.78403458,0.454576492,0.226965851,0.023857206
31:32.8,4267.307514,1.2592E+12,321152,0,0,0,0,0,0,207,207,0,0,155.1904,0,166.499288,184.3887433,17.71732995,83.01159894,0.356408495,0.180459998,0.0212685
31:48.3,4267.412678,1.2592E+12,321152,0,0,0,0,0,0,207,207,0,0,170.70156,0,209.1044378,225.9262647,19.76651408,96.05986915,0.401646299,0.179870493,0.025787884
32:03.8,4267.510139,1.2592E+12,321152,0,0,0,0,0,0,207,207,0,0,186.189552,0,176.9081022,198.0988182,17.06614469,83.54859687,0.360279112,0.18207654,0.019369845
32:19.3,4267.222294,1.2592E+12,321152,0,0,0,0,0,0,207,207,0,0,201.713548,0,209.7803797,229.3702642,19.72626563,102.808581,0.474104734,0.231254891,0.025766562
32:34.8,4267.711262,1.2592E+12,321152,0,0,0,0,0,0,207,207,0,0,217.24003,0,196.5747316,214.3727755,19.18584467,75.35512552,0.387080602,0.186777662,0.026406497
32:50.3,4267.847248,1.2592E+12,321152,0,0,0,0,0,0,207,207,225048,126,232.777551,0,215.0843337,236.0643987,20.01719439,83.79715142,0.390023608,0.178921721,0.025100529
33:05.9,4267.91552,1.2592E+12,321152,0,0,0,0,0,0,207,207,490805,303,248.287022,0,232.7543489,271.234523,23.90021475,88.9778897,0.341081911,0.183758685,0.028369762
33:21.4,4268.531937,1.2592E+12,321152,0,0,0,0,0,0,207,207,490802,303,263.809551,0,157.9828483,177.9096141,34.97895955,88.00112404,0.439361395,0.237718995,0.027057447
33:36.9,4268.52,1.2592E+12,321152,0,0,0,0,0,0,207,207,490801,303,279.333545,0,232.499843,239.5351268,38.25561146,90.56947587,0.356222761,0.177145134,0.02963155
33:52.4,4268.134098,1.2592E+12,321152,0,0,0,0,0,0,207,207,490802,303,294.853551,0,222.021308,241.6435184,20.49792569,85.82470909,0.389819437,0.184922609,0.027061845
34:07.9,4268.229073,1.2592E+12,321152,0,0,0,0,0,0,207,207,490804,303,310.36319,0,203.3597667,213.5464667,18.80565662,85.04388787,0.361710547,0.165703405,0.023211372
34:23.4,4268.413239,1.2592E+12,321152,0,0,0,0,0,0,207,207,490804,303,325.857094,0,159.4941133,163.78257,15.60933961,102.8791711,0.597654407,0.311090091,0.021298699
34:38.9,4268.610939,1.2592E+12,321152,0,0,0,0,0,0,207,207,490804,303,341.377535,0,155.0464975,163.5681311,14.89007857,89.36601737,0.352438439,0.18234018,0.022550906
34:54.4,4268.695911,1.2592E+12,321152,0,0,0,0,0,0,207,207,490803,303,356.877572,0,192.0004145,207.7435949,17.96240672,82.32238413,0.392902288,0.194193085,0.023225751
35:10.0,4268.921059,1.2592E+12,321152,0,0,0,0,0,0,207,207,490803,303,372.393559,0,205.4804114,216.1296083,18.23679757,79.14417562,0.385408933,0.181748025,0.023201876
35:25.5,4268.69474,1.2592E+12,321152,0,0,0,0,0,0,207,207,490804,303,387.91756,0,173.2563862,214.0280491,18.6486688,88.70135991,0.509533593,0.240917274,0.02512239
35:41.0,4268.484879,1.2592E+12,321152,0,0,0,0,0,0,207,207,490803,303,403.433548,0,164.2108287,181.7576611,16.0376409,72.05470899,0.372518978,0.177236538,0.019334895
35:56.5,4268.067421,1.2592E+12,321152,0,0,0,0,0,0,207,207,490802,303,418.951132,0,173.7870163,193.2580175,16.8062869,77.20273981,0.346703456,0.159174263,0.019977337
36:12.0,4268.168938,1.2592E+12,321152,0,0,0,0,0,0,207,207,490804,303,434.481541,0,162.7958373,173.6606329,35.05219985,92.85009815,0.397285094,0.207335171,0.032194902
36:27.6,4268.373985,1.2592E+12,321152,0,0,0,0,0,0,207,207,490803,303,449.994215,0,161.828181,170.0556801,32.5867618,96.05049394,0.433194174,0.231423673,0.028363904
36:43.1,4268.331161,1.2592E+12,321152,0,0,0,0,0,0,207,207,490801,303,465.533552,0,182.5805428,221.6687319,19.64608332,90.48005073,0.367454545,0.176970227,0.024454068
36:58.6,4268.524555,1.2592E+12,321152,0,0,0,0,0,0,207,207,490803,303,481.048492,0,176.2022164,197.560251,16.98174167,84.56365284,0.360942421,0.17402581,0.022558901
37:14.1,4268.729847,1.2592E+12,321152,0,0,0,0,0,0,207,207,490801,303,496.569545,0,148.3118781,165.8631146,15.32054659,93.29263936,0.34276025,0.166870122,0.020617158
37:29.7,4268.886089,1.2592E+12,321152,0,0,0,0,0,0,207,207,490800,303,512.096775,0,139.7468185,160.2540919,14.47746455,84.36791366,0.472717928,0.226698516,0.022541046
37:45.2,4268.539566,1.2592E+12,321152,0,0,0,0,0,0,207,207,490802,303,527.625547,0,155.8265511,177.0201708,15.50184454,85.26108826,0.329066587,0.152619924,0.018031046
38:00.7,4268.751568,1.2592E+12,321152,0,0,0,0,0,0,207,207,490803,303,543.140605,0,177.6284258,212.2868501,19.17668266,81.08251996,0.378986659,0.171446346,0.025781405
38:16.2,4268.83102,1.2592E+12,321152,0,0,0,0,0,0,207,207,490803,303,558.65406,0,152.299515,184.2989255,16.15319069,92.04912768,0.372579802,0.17081946,0.023205662
38:31.7,4268.819942,1.2592E+12,321152,0,0,0,0,0,0,207,207,490803,303,574.175706,0,131.1879567,154.9970218,31.31450971,88.13498259,0.412327404,0.223558764,0.02448194
38:47.3,4268.974419,1.2592E+12,321152,0,0,0,0,0,0,207,207,490804,303,589.697546,0,460.6252996,429.1049329,33.82570039,115.9656329,0.360781969,0.215180674,0.025770141
39:02.8,4269.094818,1.2592E+12,321152,0,0,0,0,0,0,207,207,490803,303,605.195436,0,196.471101,229.6524686,19.36314496,81.30139006,0.372953996,0.165183777,0.023874218
39:18.3,4269.218678,1.2592E+12,321152,0,0,0,0,0,0,207,207,490803,303,620.729005,0,186.3390102,196.9761015,17.90049626,96.82256537,0.387547768,0.182829844,0.023819381
39:33.8,4269.343632,1.2592E+12,321152,0,0,0,0,0,0,207,207,490802,303,636.246311,0,189.3312151,184.8175435,18.70315996,119.8017233,0.529086686,0.251332287,0.029644321
39:49.3,4268.970997,1.2592E+12,321152,0,0,0,0,0,0,207,207,490807,303,651.782162,0,164.2621454,178.4359307,15.10204023,76.72576159,0.372686376,0.175722592,0.019310175
40:04.9,4264.007473,5.21758E+11,133584,21,11,0,0,0,0,207,207,231918,110,667.289573,0,220.4289405,228.4080663,20.49442229,78.54309143,0.508788991,0.219894862,0.030308089
40:20.4,4262.034756,5.36744E+11,138855,40,0,0,0,0,0,207,207,135400,40,682.817553,7720.733861,201.9974812,207.8069482,13.6845336,66.46067293,0.340675349,0.150695712,0.016743968
40:35.9,4261.674351,5.50928E+11,143671,38,0,0,0,0,0,207,207,85194,38,698.353542,7303.879742,131.9381789,134.6851154,12.84643232,72.21941262,0.319902389,0.151261693,0.014804336
40:51.4,4261.343292,5.61247E+11,147155,26,0,0,0,0,0,207,207,47170,26,713.84955,5327.671005,214.6063657,225.0945776,37.14382793,79.37528169,0.459473175,0.22909126,0.029039737
41:06.9,4261.413052,5.69516E+11,149962,13,0,0,0,0,0,207,207,17394,13,729.377549,4259.857156,199.6429248,223.1216991,35.87037307,84.10613628,0.403142736,0.203503362,0.025115921
41:22.4,4261.406445,5.71465E+11,150629,7,0,0,0,0,0,207,207,10515,7,744.881571,1005.547551,164.5408073,191.8371478,17.03439033,94.42711059,0.394091288,0.176728335,0.021929793
41:38.0,4261.244576,5.72583E+11,151007,7,0,0,0,0,0,207,207,6820,7,760.421548,575.728708,136.3898533,142.1994486,13.3894835,85.1996113,0.34684736,0.158944894,0.019305048
41:53.5,4261.394173,5.73405E+11,151280,4,0,0,0,0,0,207,207,4361,4,775.925541,424.3271926,235.0379467,262.3444059,20.07597736,86.55834661,0.483746348,0.245743145,0.02515481
42:09.0,4261.580338,5.73973E+11,151467,4,0,0,0,0,0,207,207,2513,4,791.449545,292.5921596,218.3531027,230.5431387,19.93007289,86.18910431,0.351713385,0.18229833,0.02254573
42:24.5,4261.746105,5.74506E+11,151652,4,0,0,0,0,0,207,207,784,4,806.981475,274.2655142,224.4244536,253.0992591,18.86977242,96.12456404,0.380506479,0.175123117,0.02446573
42:40.1,4261.75507,5.74739E+11,151730,0,0,0,0,0,0,207,207,0,0,822.521563,120.235106,234.0805674,267.5213829,25.07765621,90.28262903,0.447230415,0.210423519,0.031531353
42:55.6,4261.461765,5.74739E+11,151730,0,0,0,0,0,0,207,207,0,0,838.045544,0,260.5755825,305.3694642,27.15443428,85.93156614,0.562355751,0.274414147,0.032208233
43:11.1,4261.451889,5.74739E+11,151730,0,0,0,0,0,0,207,207,0,0,853.565553,0,226.8083798,241.2876183,39.00207145,85.11593002,0.371778135,0.180412267,0.029639158
43:26.7,4262.198814,5.74739E+11,151730,0,0,0,0,0,0,207,207,0,0,869.08956,0,167.4862667,180.3389901,32.91965289,89.66757101,0.358154953,0.170059186,0.027699034
43:42.2,4262.433159,5.74739E+11,151730,0,0,0,0,0,0,207,207,0,0,884.641552,0,285.8478441,313.7798173,27.3396197,87.57720554,0.428240961,0.201260392,0.030864213
43:57.7,4262.09856,5.74739E+11,151730,0,0,0,0,0,0,207,207,0,0,900.157543,0,278.8472244,309.8670129,26.18719697,96.22330923,0.494328722,0.244908624,0.032224819
44:13.2,4262.092861,5.74739E+11,151730,0,0,0,0,0,0,207,207,0,0,915.681559,0,222.2824424,238.8013308,19.50065728,91.34234337,0.394872049,0.181654026,0.023834039
44:28.8,4262.532337,5.74739E+11,151730,0,0,0,0,0,0,207,207,0,0,931.207566,0,209.9722243,221.0565248,19.40330565,96.93413123,0.388380605,0.189359698,0.025763224
44:44.3,4262.65612,5.74739E+11,151730,0,0,0,0,0,0,207,207,0,0,946.737566,0,175.6010097,180.2822491,34.13541834,93.36767547,0.388280747,0.208628461,0.027688345
44:59.8,4261.96928,5.74739E+11,151730,0,0,0,0,0,0,207,207,0,0,962.277561,0,189.3449603,192.6438514,16.87593549,92.21367188,0.633848338,0.322393926,0.02252253
45:15.4,4262.057899,5.74739E+11,151730,0,0,0,0,0,0,207,207,0,0,977.789573,0,160.046477,165.2071342,15.14249892,92.9602169,0.376482432,0.177926629,0.022563159
45:30.9,4262.243622,5.74739E+11,151730,0,0,0,0,0,0,207,207,0,0,993.311816,0,148.7395114,159.5749542,14.50023504,95.6047396,0.362061076,0.17265546,0.01997134
45:46.4,4262.44458,5.74739E+11,151730,0,0,0,0,0,0,207,207,0,0,1008.836926,0,192.4773227,207.1820358,19.02625911,87.02031741,0.386470692,0.170047104,0.024476477
46:01.9,4261.863415,5.74739E+11,151730,0,0,0,0,0,0,207,207,0,0,1024.369554,0,195.9294327,212.4913693,34.77520936,87.9439075,0.456458495,0.245290108,0.034121721
46:17.5,4262.005085,5.74739E+11,151730,0,0,0,0,0,0,207,207,0,0,1039.889562,0,162.8355279,172.0552752,15.41092855,89.88397429,0.351159613,0.17719063,0.019329887
46:33.0,4262.190868,5.74739E+11,151730,0,0,0,0,0,0,207,207,0,0,1055.41356,0,145.2415596,151.6828848,13.80901323,77.87942256,0.352357685,0.165550137,0.019969083
46:48.5,4262.468025,5.74739E+11,151730,0,0,0,0,0,0,207,207,0,0,1070.936458,0,194.3105072,198.2636474,17.3468535,73.18221121,0.356247912,0.174580803,0.021258917
47:04.0,4262.367233,5.74739E+11,151730,0,0,0,0,0,0,207,207,0,0,1086.457089,0,213.5168963,221.7979813,20.95673293,85.17694931,0.541215109,0.257721481,0.025772148
47:19.5,4261.486214,5.74739E+11,151730,0,0,0,0,0,0,207,207,0,0,1101.979074,0,178.0888272,191.6648882,16.66864571,87.74650923,0.371086559,0.179100804,0.021904415
47:35.1,4261.753757,5.74739E+11,151730,0,0,0,0,0,0,207,207,0,0,1117.499205,0,187.1170459,186.0960741,19.70896652,120.102079,0.457470365,0.227446534,0.028350276
47:50.6,4261.746861,5.74739E+11,151730,0,0,0,0,0,0,207,207,0,0,1133.033557,0,230.9841672,244.8185364,22.44678691,90.44471247,0.47636361,0.224663378,0.030899261
48:06.1,4261.72971,5.74739E+11,151730,0,0,0,0,0,0,207,207,0,0,1148.541547,0,225.7090911,248.6993407,22.91799965,118.2616187,0.669977218,0.371421441,0.0290173
48:21.6,4261.781113,5.74739E+11,151730,0,0,0,0,0,0,207,207,0,0,1164.077576,0,142.6153342,143.3747143,14.23555932,111.8689982,0.447990925,0.223351797,0.020597284
48:37.2,4261.062393,5.74739E+11,151730,0,0,0,0,0,0,207,207,0,0,1179.60155,0,151.0100973,165.4212866,49.32378603,89.02359666,0.368462354,0.195826146,0.029631588
48:52.7,4259.453274,5.74739E+11,151730,0,0,0,0,0,0,207,207,0,0,1195.138653,0,215.593256,248.7543084,22.36053714,89.39890532,0.475635645,0.229772564,0.03025017
49:08.2,4259.598911,5.74739E+11,151730,0,0,0,0,0,0,207,207,0,0,1210.657567,0,185.389622,195.3668985,17.21311854,96.26962299,0.387913742,0.181069371,0.02190875
49:23.8,4259.885139,5.74739E+11,151730,0,0,0,0,0,0,207,207,0,0,1226.191319,0,159.8590805,163.8647235,15.21309251,104.0315308,0.445481555,0.211796867,0.022531582
49:39.3,4258.693371,5.74739E+11,151730,0,0,0,0,0,0,207,207,0,0,1241.721542,0,168.559549,174.4019073,17.49952234,83.06384268,0.443007161,0.206049842,0.027687948
49:54.8,4258.852543,5.74739E+11,151730,0,0,0,0,0,0,207,207,0,0,1257.253557,0,437.825436,208.0248921,17.60036548,406.1932724,0.417846622,0.19314944,0.024465596
50:10.3,4259.245296,5.74739E+11,151730,0,0,0,0,0,0,207,207,0,0,1272.776237,0,283.250014,297.2188679,19.26578662,90.7704082,0.413588375,0.197130908,0.023191872
50:25.9,4259.563709,5.74739E+11,151730,0,0,0,0,0,0,207,207,0,0,1288.318242,0,252.6283454,282.6221338,24.1976552,90.46451857,0.457469934,0.221335664,0.027666958
50:41.4,4260.121807,5.74739E+11,151730,0,0,0,0,0,0,207,207,0,0,1303.834297,0,213.7645091,222.6520414,19.78847474,83.91308229,0.395719144,0.193348116,0.025135255
50:56.9,4260.549686,5.74739E+11,151730,0,0,0,0,0,0,207,207,0,0,1319.345545,0,178.7673936,191.4419998,15.91448448,87.807248,0.370698734,0.18309294,0.02063019
51:12.4,4260.782616,5.74739E+11,151730,0,0,0,0,0,0,207,207,490832,303,1334.871995,0,101.0800383,125.9666033,10.32839324,26.4065514,0.177117113,0.078575592,0.01159312
51:28.0,4260.809628,5.74739E+11,151730,0,0,0,0,0,0,207,207,1065985,443,1350.40153,0,24.93802886,38.93808746,21.49357056,8.177965406,0.195756022,0.097878011,0.008371146
51:43.5,4260.817322,5.74739E+11,151730,0,0,0,0,0,0,207,207,1289097,494,1365.913707,0,16.22936097,8.876548018,0.904279506,0.386792905,0.143113375,0.047059803,0.00128931
51:59.0,4260.821762,5.74739E+11,151730,0,0,0,0,0,0,207,207,1289098,494,1381.449492,0,7.282381933,6.160095032,0.644115243,1.158615416,0.086896156,0.025103334,0.00128735
52:14.5,4260.822269,5.74739E+11,151730,0,0,0,0,0,0,207,207,1289097,494,1396.977729,0,8.702982573,6.531545339,0.675495732,1.159178598,0.121069765,0.03735131,0.000643988
52:30.1,4260.822601,5.74739E+11,151730,0,0,0,0,0,0,207,207,1289098,494,1412.511142,0,10.25270982,7.642403894,1.325016675,3.347622316,0.163518475,0.059227164,0.001931321
52:45.6,4260.827778,5.74739E+11,151730,0,0,0,0,0,0,207,207,1289099,494,1428.042629,0,8.548931857,6.946083141,0.675920269,0.515082683,0.099153417,0.031548814,0.001287707
53:01.1,4260.828236,5.74739E+11,151730,0,0,0,0,0,0,207,207,1289100,494,1443.565559,0,7.865793378,6.803978888,0.768205789,0.644208278,0.089544951,0.024479915,0.001288417
53:16.7,4260.828789,5.74739E+11,151730,0,0,0,0,0,0,207,207,1289098,494,1459.094266,0,8.36251827,6.643751601,17.78529386,0.257587448,0.110762602,0.039926054,0.00450778
53:32.2,4260.829147,5.74739E+11,151730,0,0,0,0,0,0,207,207,1289098,494,1474.615106,0,9.331487213,7.137365246,0.78542332,0.644295025,0.156563691,0.068295273,0.001932885
53:47.7,4260.830757,5.74739E+11,151730,0,0,0,0,0,0,207,207,1289100,494,1490.144318,0,7.373872673,6.724353045,33.78455139,0.257579071,0.095948204,0.043144494,0.014810797
54:03.2,4260.831383,5.74739E+11,151730,0,0,0,0,0,0,207,207,1289099,494,1505.665584,0,7.61024468,6.443308941,0.778229145,0.386566405,0.097285879,0.035435254,0.001288555
54:18.7,4260.831894,5.74739E+11,151730,0,0,0,0,0,0,207,207,1289098,494,1521.185101,0,10.53578562,7.256807799,1.19261373,0.38660997,0.110183841,0.029640098,0.00193305
54:34.3,4260.832375,5.74739E+11,151730,0,0,0,0,0,0,207,207,1289098,494,1536.708722,0,9.198528101,6.58322488,0.733320471,0.257671841,0.17843775,0.077301552,0.001288359
54:49.8,4260.833977,5.74739E+11,151730,0,0,0,0,0,0,207,207,1289098,494,1552.22955,0,7.378906847,6.44966467,0.692554768,0.257718209,0.090845669,0.027704708,0.000644296
55:05.3,4260.834446,5.74739E+11,151730,0,0,0,0,0,0,207,207,1289099,494,1567.756737,0,9.595926422,6.749126677,8.254234271,0.515225327,0.203514004,0.075351704,0.003220158
55:20.9,4260.83506,5.74739E+11,151730,0,0,0,0,0,0,207,207,1289099,494,1583.293553,0,11.63855863,7.198073016,0.699761799,0.257453007,0.104268468,0.032181626,0.000643633
55:36.4,4260.835327,5.74739E+11,151730,0,0,0,0,0,0,207,207,1289099,494,1598.817546,0,9.092585393,7.08158629,0.91428535,0.257665666,0.282143905,0.140427788,0.000644164
55:51.9,4260.837151,5.74739E+11,151730,0,0,0,0,0,0,207,207,1289099,494,1614.353241,0,7.377954832,6.618602644,18.09391614,0.128735792,0.180230109,0.084321944,0.005793111
56:07.4,4260.837631,5.74739E+11,151730,0,0,0,0,0,0,207,207,1289100,494,1629.880922,0,8.428165416,6.418395123,0.787844523,0.257604468,0.08822953,0.025760447,0.001288022
56:23.0,4260.837631,5.74739E+11,151730,0,0,0,0,0,0,207,207,1289100,494,1645.41031,0,7.683469303,6.478990157,0.588538868,0.515152303,0.094015295,0.028333377,0.00064394
56:38.5,4260.837631,5.74739E+11,151730,0,0,0,0,0,0,207,207,1289100,494,1660.937587,0,10.50673547,6.617986657,0.718745228,0.128805585,0.092740021,0.030269313,0.001288056
56:54.0,4260.837631,5.74739E+11,151730,0,0,0,0,0,0,207,207,1289100,494,1676.476325,0,7.760783662,6.383838379,0.670702795,0.772263488,0.139007428,0.063068185,0.000643553
57:09.6,4260.837631,5.74739E+11,151730,0,0,0,0,0,0,207,207,1289100,494,1691.987374,0,9.300877072,6.385359494,0.706275773,0.257880689,0.080587715,0.031590384,0.000644702
57:25.1,4260.837631,5.74739E+11,151730,0,0,0,0,0,0,207,207,1289100,494,1707.511338,0,151.3771766,7.456974778,0.53143643,3.220826846,0.101778128,0.043803245,0.000644165
57:40.6,4260.837631,5.74739E+11,151730,0,0,0,0,0,0,207,207,1289100,494,1723.047172,0,15.31886244,8.961318202,0.695845931,0,0.134527699,0.055355895,0.000643673
57:56.1,4257.958092,5.53671E+11,143079,0,0,0,0,0,0,207,207,956408,373,1738.572966,0,556.2906554,394.8164619,21.06524713,1120.200358,0.629919475,0.318824274,0.032848562
58:11.7,4255.701672,5.61767E+11,146755,27,0,0,0,0,0,207,207,49873,27,1754.102829,4170.656138,414.4223227,525.5454223,49.09423591,49.19554023,0.813271823,0.365746948,0.041210924
58:27.2,4250.766163,5.66698E+11,148506,10,0,0,0,0,0,207,207,15131,10,1769.637554,2539.538589,578.3434292,722.6228569,47.96066001,141.2319819,0.802717782,0.395243559,0.065015634
58:42.7,4250.71822,5.68572E+11,149133,6,0,0,0,0,0,207,207,7422,6,1785.154599,965.9573776,209.8674396,229.3860085,36.66022741,2405.548221,0.38409375,0.17851337,0.032867083
58:58.2,4250.975498,5.69609E+11,149475,3,0,0,0,0,0,207,207,4038,3,1800.685546,534.0351957,512.860388,552.4814985,46.15274899,190.2652813,0.829955829,0.407573344,0.056661065
59:13.8,4248.35186,5.70176E+11,149661,3,0,0,0,0,0,207,207,2226,3,1816.237527,291.7602906,796.3238638,844.8542451,57.71797858,305.8131308,1.001158631,0.522762984,0.085519652
59:29.3,4248.262444,5.70705E+11,149845,3,0,0,0,0,0,207,207,1010,3,1831.74953,272.8560751,1008.391877,966.6660967,67.75071013,1642.083231,1.089478902,0.578261879,0.10572458
59:44.8,4249.931221,5.71067E+11,149963,0,0,0,0,0,0,207,207,0,0,1847.253793,186.6860881,472.696143,531.988083,42.97658731,9122.974759,0.804939906,0.321201982,0.069013277
00:00.3,4251.059032,5.71067E+11,149963,0,0,0,0,0,0,207,207,0,0,1862.785554,0,497.9626483,535.4784602,42.72495244,8872.013933,0.940653156,0.403688931,0.085630985
00:15.9,4252.065025,5.71067E+11,149963,0,0,0,0,0,0,207,207,0,0,1878.317563,0,449.7058141,479.0132357,34.27737419,8593.157524,0.805433476,0.336080156,0.065027003
00:31.4,4253.044975,5.71067E+11,149963,0,0,0,0,0,0,207,207,0,0,1893.877548,0,331.0469618,395.2820818,51.59468341,2591.840545,0.479434909,0.251285589,0.057840673
00:47.0,4254.668709,5.71067E+11,149963,0,0,0,0,0,0,207,207,0,0,1909.42155,0,218.4557444,232.7366108,19.59909922,88.26555735,0.380210965,0.180133791,0.025090064
01:02.5,4255.412045,5.71067E+11,149963,0,0,0,0,0,0,207,207,0,0,1924.949693,0,280.4211419,328.6037817,26.8207578,95.18201887,0.476554086,0.230549139,0.027047664
01:18.1,4255.717583,5.71067E+11,149963,0,0,0,0,0,0,207,207,0,0,1940.497482,0,363.7509719,255.2232192,21.83364102,270.3921439,0.44186347,0.203244333,0.026370309
01:33.6,4256.199532,5.71067E+11,149963,0,0,0,0,0,0,207,207,0,0,1956.015825,0,195.4440136,221.9607642,19.18332127,87.2515835,0.349264093,0.175276445,0.025131549
01:49.1,4256.370995,5.71067E+11,149963,0,0,0,0,0,0,207,207,0,0,1971.541545,0,362.888303,403.30387,49.30062724,96.03419358,0.448932481,0.222856009,0.041221921
02:04.6,4257.472801,5.71067E+11,149963,0,0,0,0,0,0,207,207,0,0,1987.07756,0,210.6266303,238.5511312,19.75940561,104.7244097,0.419670038,0.191168713,0.024459297
02:20.2,4258.796089,5.71067E+11,149963,0,0,0,0,0,0,207,207,0,0,2002.605568,0,408.5380059,467.4387581,38.25182273,93.12205403,0.59762978,0.261463029,0.038639856
02:35.7,4105.4538,5.71067E+11,149963,0,0,0,0,0,0,207,207,0,0,2018.137126,0,208.8807503,244.1219659,21.19412195,95.16109073,0.377940191,0.17255191,0.027685568
02:51.2,4103.540291,5.71067E+11,149963,0,0,0,0,0,0,207,207,0,0,2033.669553,0,338.8223329,296.2217523,28.36379619,234.7991077,0.563981405,0.278127816,0.037985049
03:06.7,4103.612698,5.71067E+11,149963,0,0,0,0,0,0,207,207,0,0,2049.185569,0,403.3914866,457.5192859,56.27161819,118.7160415,0.574889843,0.269399052,0.055426599
03:22.3,4103.530903,5.71091E+11,149970,1,0,0,0,0,0,207,207,0,0,2064.737539,12.67743906,323.3800564,314.5929057,25.39758126,107.1889928,0.519548327,0.248843073,0.030221252
03:37.8,4104.375511,5.71595E+11,150135,1,0,0,0,0,0,207,207,0,0,2080.268198,259.602737,238.8438147,305.0263405,27.88995715,85.4438952,0.408224789,0.189946866,0.031550496
03:53.4,4104.943642,5.72104E+11,150302,1,0,0,0,0,0,207,207,0,0,2095.797549,261.9045589,373.6963102,418.2586464,50.74545262,90.1518679,0.464926062,0.226023612,0.042500166
04:08.9,4106.494633,5.7262E+11,150468,1,0,0,0,0,0,207,207,0,0,2111.339031,265.8755169,230.6302212,225.4578007,19.62288732,102.4998774,0.387350447,0.181449877,0.027667889
04:24.4,4107.189964,5.73183E+11,150635,1,0,0,0,0,0,207,207,0,0,2126.869555,289.7632914,270.8642578,289.089897,24.81101893,105.5341082,0.49515393,0.266571817,0.028331304
04:40.0,4108.19191,5.73753E+11,150801,1,0,0,0,0,0,207,207,0,0,2142.413544,293.4798654,167.6610414,181.9381334,18.58316069,88.13696407,0.471564925,0.248327505,0.030236769
04:55.5,4103.138836,5.74289E+11,150967,1,0,0,0,0,0,207,207,0,0,2157.946749,276.1081129,304.4628289,352.7507839,29.89110666,91.67457714,0.471248529,0.239486957,0.035408018
05:11.0,4103.982265,5.74839E+11,151134,1,0,0,0,0,0,207,207,0,0,2173.485545,283.2321094,200.0731243,218.9924017,19.38438222,89.71094028,0.375189944,0.187273197,0.023811369
05:26.6,4104.696415,5.75401E+11,151300,1,0,0,0,0,0,207,207,0,0,2189.013565,289.5392695,258.7036673,272.5116536,23.43092922,88.22760403,0.46560991,0.21831502,0.027691876
05:42.1,4105.557011,5.75951E+11,151467,1,0,0,0,0,0,207,207,0,0,2204.561549,282.9253192,239.6554645,256.3809466,20.06741276,92.80946006,0.371109206,0.186519358,0.024440468
05:57.7,4101.457542,5.75964E+11,151470,0,0,0,0,0,0,207,207,0,0,2220.09356,6.481021421,193.993826,218.0670781,36.71324137,92.7117551,0.403682434,0.207957617,0.030260087
06:13.2,4101.54615,5.75964E+11,151470,0,0,0,0,0,0,207,207,0,0,2235.613561,0,255.0078975,269.7652878,23.0035826,88.78865407,0.393041212,0.199097925,0.029639173
06:28.7,4101.566513,5.75964E+11,151470,0,0,0,0,0,0,207,207,0,0,2251.169559,0,186.8461166,189.3938284,17.56469293,89.99744022,0.64798157,0.340061756,0.02249936
06:44.3,4101.211582,5.75964E+11,151470,0,0,0,0,0,0,207,207,0,0,2266.71355,0,252.8348016,248.0258302,21.2381106,88.65162107,0.423958043,0.19814731,0.027663423
06:59.8,4101.363705,5.75964E+11,151470,0,0,0,0,0,0,207,207,0,0,2282.249173,0,217.7321296,218.7785891,19.63921382,87.60511246,0.394577031,0.187955127,0.02639096
07:15.4,4101.30661,5.75964E+11,151470,0,0,0,0,0,0,207,207,0,0,2297.787007,0,257.1987272,281.7541534,24.35524375,88.42931389,0.384867028,0.179561707,0.028317975
07:30.9,4101.761623,5.75964E+11,151470,0,0,0,0,0,0,207,207,0,0,2313.322158,0,161.5339309,163.7993297,15.00088513,94.94597124,0.44222293,0.21885851,0.023173254
07:46.4,4102.327545,5.75964E+11,151470,0,0,0,0,0,0,207,207,0,0,2328.859327,0,328.1207772,357.0520972,31.1605341,105.1028022,0.460830413,0.201452401,0.039260692
08:02.0,4102.80682,5.75964E+11,151470,0,0,0,0,0,0,207,207,0,0,2344.428433,0,225.3951044,224.9242375,21.13899375,125.1838095,0.438689286,0.222234983,0.030830287
08:17.5,4103.037094,5.75964E+11,151470,0,0,0,0,0,0,207,207,0,0,2359.972798,0,193.8677462,200.4541087,17.46374912,87.68450818,0.367979007,0.171766425,0.021229558
08:33.1,4102.991173,5.75964E+11,151470,0,0,0,0,0,0,207,207,0,0,2375.529563,0,167.8659176,189.8234061,35.39444395,101.6278127,0.459607123,0.229482158,0.027640708
08:48.6,4103.022038,5.75964E+11,151470,0,0,0,0,0,0,207,207,0,0,2391.076623,0,198.4571879,222.4123681,36.82757685,87.73362938,0.374347304,0.189746486,0.028301171
09:04.2,4103.251236,5.75964E+11,151470,0,0,0,0,0,0,207,207,0,0,2406.621635,0,216.7594091,239.9540967,20.84596533,87.16622412,0.411707627,0.198134295,0.027018313
09:19.7,4103.227257,5.75964E+11,151470,0,0,0,0,0,0,207,207,0,0,2422.161581,0,149.3904388,160.6900379,32.62195116,89.06079854,0.357144098,0.185972332,0.025096612
09:35.3,4103.344135,5.75964E+11,151470,0,0,0,0,0,0,207,207,0,0,2437.701545,0,141.3860326,147.4849502,14.46685804,90.47640007,0.474904575,0.237452288,0.02123557
09:50.8,4103.617363,5.75964E+11,151470,0,0,0,0,0,0,207,207,0,0,2453.24823,0,198.1016918,220.6197542,18.81970236,86.83523208,0.385291141,0.192323958,0.023799286
10:06.3,4105.921616,5.78917E+11,152405,32,0,0,0,0,0,207,207,49936,32,2468.777564,1521.227588,3797.391533,791.0373362,79.60011155,3715.806486,0.496479759,0.305228801,0.064394262
10:21.9,4119.695034,5.94054E+11,157072,32,0,0,0,0,0,207,207,45365,32,2484.319324,7791.740205,5220.391765,1080.208762,81.23539519,5153.148678,0.469058845,0.321713886,0.063699349
10:37.4,4134.071644,6.08693E+11,161615,32,0,0,0,0,0,207,207,40729,32,2499.862143,7535.188512,5137.781157,966.1731633,76.16019595,5014.148334,0.528218208,0.34356702,0.066911929
10:52.9,4146.968006,6.22699E+11,165894,32,0,0,0,0,0,207,207,36529,32,2515.383661,7218.829555,4822.1143,979.7904834,77.05922654,4772.406926,0.455496685,0.300872634,0.077956293
11:08.5,4159.418789,6.36441E+11,170148,32,0,0,0,0,0,207,207,32196,32,2530.926172,7072.898873,4918.833556,1028.273709,81.38496784,4883.445152,0.483834305,0.314620977,0.068200048
11:24.0,4172.931919,6.50079E+11,174396,32,0,0,0,0,0,207,207,28032,32,2546.46557,7021.034463,4788.122847,1002.730879,97.10844886,4725.279576,0.490366487,0.321119261,0.077223069
11:39.6,4186.220585,6.6388E+11,178653,32,0,0,0,0,0,207,207,23694,32,2561.993587,7110.250355,4610.349343,963.3749824,76.75365317,4621.324152,0.50296184,0.31427065,0.057959751
11:55.1,4198.014656,6.76384E+11,182521,29,0,0,0,0,0,207,207,19902,29,2577.532848,6437.794072,3680.533257,1063.16852,80.40822372,3579.899971,0.436314185,0.283153748,0.061135468
12:10.6,4209.091087,6.88015E+11,186091,29,0,0,0,0,0,207,207,16251,29,2593.08255,5983.907161,3598.640494,1099.83087,87.06501005,3493.057295,0.467533076,0.26238445,0.066882311
12:26.2,4218.925365,6.98903E+11,189435,28,0,0,0,0,0,207,207,12985,28,2608.629772,5602.421931,3350.127728,522.0728987,36.64754888,3299.367565,0.398141867,0.225120604,0.045024121
12:41.7,4227.557911,7.08733E+11,192413,24,0,0,0,0,0,207,207,10375,24,2624.175279,5058.88555,2019.321195,110.0403305,9.026736491,2020.326516,0.339004704,0.18461926,0.029590543
12:57.3,4236.187298,7.17198E+11,194989,21,0,0,0,0,0,207,207,7371,21,2639.709561,4359.036015,2149.032156,178.4484912,13.06472818,2089.765076,0.467353432,0.254920054,0.045061626
13:12.8,4242.439831,7.23904E+11,197067,16,0,0,0,0,0,207,207,5299,16,2655.250208,3452.148551,1369.639331,147.8837806,12.2260032,1314.810123,0.33396293,0.170520571,0.031530219
13:28.4,4247.124382,7.28577E+11,198492,14,0,0,0,0,0,207,207,3901,14,2670.789549,2405.759403,1376.043102,129.2816477,9.782378722,1328.82083,0.338495693,0.17117843,0.028315229
13:43.9,4251.381302,7.33313E+11,199933,10,0,0,0,0,0,207,207,2380,10,2686.327055,2438.369644,301.9913857,235.5365259,38.27117891,187.1600243,0.385518757,0.197586408,0.028962177
13:59.4,4254.862251,7.36646E+11,200952,5,0,0,0,0,0,207,207,1350,5,2701.881054,1714.679516,212.5708286,239.9004588,30.53763999,84.99421917,0.515623024,0.255239826,0.040504053
14:15.0,4257.233051,7.39005E+11,201690,4,0,0,0,0,0,207,207,610,4,2717.417534,1214.673152,181.0385874,190.6646576,16.17312528,89.01630228,0.357867419,0.178290063,0.023171272
14:30.5,4258.330711,7.39766E+11,201925,2,0,0,0,0,0,207,207,373,2,2732.938163,391.9262288,164.5032149,174.694257,33.67242317,83.75949196,0.38980379,0.191358224,0.026416455
14:46.0,4258.962059,7.4033E+11,202092,2,0,0,0,0,0,207,207,206,2,2748.460752,290.6580952,187.1352332,203.7199939,17.72391795,90.19114015,0.380091234,0.177805391,0.02383623
15:01.6,4260.077358,7.40977E+11,202296,0,0,0,0,0,0,207,207,0,0,2764.001546,333.339512,192.1975595,215.5990938,18.58101149,87.5116162,0.479383486,0.233578799,0.024451775
15:17.1,4260.32769,7.40977E+11,202296,0,0,0,0,0,0,207,207,0,0,2779.547427,0,323.3556042,178.0056996,16.03645244,253.7649684,0.388527353,0.177538989,0.019940973
15:32.7,4261.137669,7.41674E+11,202508,1,0,0,0,0,0,207,207,0,0,2795.099972,358.5741781,1287.43146,147.602633,13.80589459,1268.666961,0.405721379,0.201253235,0.0244333
15:48.2,4261.995071,7.42403E+11,202721,1,0,0,0,0,0,207,207,0,0,2810.650442,374.9859676,1350.025191,200.512784,17.49130714,1297.645666,0.435356616,0.236005728,0.028294965
16:03.8,4262.879257,7.4309E+11,202934,1,0,0,0,0,0,207,207,0,0,2826.20073,353.5298634,1304.820441,204.153058,18.0324735,1251.037923,0.520247599,0.258516112,0.029581446
16:19.3,4263.959957,7.43797E+11,203145,1,0,0,0,0,0,207,207,0,0,2841.757546,363.3536261,1380.944051,305.56901,44.67696025,1246.399006,0.442892684,0.235266651,0.043067939
16:34.9,4264.796223,7.44499E+11,203359,1,0,0,0,0,0,207,207,0,0,2857.290743,361.3159717,1241.411144,151.8232039,14.5860739,1223.637349,0.38498192,0.18991583,0.026395081
16:50.4,4265.941551,7.45214E+11,203567,1,0,0,0,0,0,207,207,0,0,2872.829549,368.5075839,1501.593773,400.2234823,33.70995815,1273.971758,0.468504466,0.238757083,0.040543656
17:05.9,4266.748688,7.45872E+11,203780,1,0,0,0,0,0,207,207,0,0,2888.373548,338.3286759,1251.123242,209.4758092,18.13513872,1190.555918,0.645265096,0.358337645,0.027020074
17:21.5,4262.62109,7.46307E+11,203911,0,0,0,0,0,0,207,207,0,0,2903.925546,224.1550983,371.8264388,159.4934037,13.71005513,5481.032083,0.466821048,0.221836448,0.043081281
17:37.0,4262.818989,7.46307E+11,203911,0,0,0,0,0,0,207,207,0,0,2919.472241,0,146.7200132,163.0538632,14.68760724,2929.175622,0.41938174,0.205188305,0.041166306
17:52.6,4261.696461,7.46307E+11,203911,0,0,0,0,0,0,207,207,0,0,2935.030465,0,211.6178726,224.7632414,19.6207274,85.22823685,0.406858778,0.193466812,0.026352622
18:08.1,4261.669662,7.46307E+11,203911,0,0,0,0,0,0,207,207,0,0,2950.569965,0,183.6230339,208.3415374,18.13511032,95.3698639,0.447890859,0.231024164,0.025097333
18:23.7,4261.805649,7.46307E+11,203911,0,0,0,0,0,0,207,207,0,0,2966.13121,0,157.489716,180.6850503,15.91518906,82.12710487,0.355370023,0.172222724,0.020563907
18:39.2,4261.973995,7.46307E+11,203911,0,0,0,0,0,0,207,207,0,0,2981.67755,0,135.0517892,142.9909676,31.03498758,83.94258713,0.338343301,0.174960795,0.025729529
18:54.8,4262.232029,7.46307E+11,203911,0,0,0,0,0,0,207,207,0,0,2997.225548,0,247.4396259,264.9426608,21.52068167,87.8569704,0.434139495,0.212245975,0.023797276
19:10.3,4262.547325,7.46307E+11,203911,0,0,0,0,0,0,207,207,0,0,3012.754855,0,201.9643669,202.5164847,35.30534737,117.8417041,0.660042332,0.390873849,0.032841131
19:25.9,4262.686344,7.46307E+11,203911,0,0,0,0,0,0,207,207,0,0,3028.300825,0,203.5481602,220.6800584,19.41406981,104.0784203,0.405249721,0.194262565,0.024443634
19:41.4,4263.152912,7.46307E+11,203911,0,0,0,0,0,0,207,207,0,0,3043.853554,0,204.129629,215.6190302,19.98242559,93.87420047,0.383855464,0.181318661,0.026361933
19:56.9,4263.274071,7.46307E+11,203911,0,0,0,0,0,0,207,207,0,0,3059.37754,0,192.4628636,217.5525461,18.78934617,89.92535809,0.410976923,0.216439257,0.026410743
20:12.5,4263.440361,7.46307E+11,203911,0,0,0,0,0,0,207,207,0,0,3074.926149,0,286.2745044,308.3098415,38.85219934,102.4528947,0.521590066,0.260473461,0.027655207
20:28.0,4263.732239,7.46307E+11,203911,0,0,0,0,0,0,207,207,0,0,3090.461546,0,171.871022,187.3512758,16.66934187,98.03418606,0.425479954,0.200187996,0.022529196
20:43.6,4264.026398,7.46307E+11,203911,0,0,0,0,0,0,207,207,0,0,3106.016057,0,178.0015405,193.2537893,17.64026797,89.87746384,0.378025384,0.207656801,0.024430212
20:59.1,4264.04348,7.46307E+11,203911,0,0,0,0,0,0,207,207,0,0,3121.569556,0,302.748617,322.1027135,26.69767025,119.7158273,0.414697683,0.192882643,0.028289454
21:14.7,4264.67289,7.46307E+11,203911,0,0,0,0,0,0,207,207,0,0,3137.108836,0,199.8163776,186.4560294,16.38294062,104.7667588,0.34943704,0.188554425,0.025097688
21:30.2,4265.015713,7.46307E+11,203911,0,0,0,0,0,0,207,207,0,0,3152.649555,0,338.7147938,373.2125614,32.83448368,87.64073271,0.401525824,0.175667548,0.032173544
21:45.8,4266.208195,7.46307E+11,203911,0,0,0,0,0,0,207,207,0,0,3168.187818,0,250.6865397,290.8515687,42.77457385,84.88722324,0.495550886,0.240052572,0.033465774
22:01.3,4266.689617,7.46307E+11,203911,0,0,0,0,0,0,207,207,0,0,3183.757527,0,200.9630505,209.6133856,19.42561495,87.86291382,0.456655934,0.211307739,0.024406365
22:16.9,4265.12788,7.46307E+11,203911,0,0,0,0,0,0,207,207,0,0,3199.287296,0,147.3661822,159.0917351,14.44441056,81.26328215,0.332909008,0.15325405,0.020605587
22:32.4,4265.086739,7.46307E+11,203911,0,0,0,0,0,0,207,207,0,0,3214.84555,0,164.4472461,166.6602157,16.77126756,80.60030386,0.415856432,0.19925115,0.026352571
22:48.0,4265.032207,7.46307E+11,203911,0,0,0,0,0,0,207,207,0,0,3230.389553,0,209.977311,220.4385329,21.30468942,88.78021961,0.539758002,0.279850692,0.029593407
23:03.5,4264.746868,7.46307E+11,203911,0,0,0,0,0,0,207,207,0,0,3245.957572,0,175.7847865,195.8674814,17.32593394,92.75425473,0.378982066,0.183067608,0.023766672
23:19.1,4264.903114,7.46307E+11,203911,0,0,0,0,0,0,207,207,0,0,3261.50355,0,179.5641177,195.0229668,18.15230361,85.10239755,0.401389993,0.188473186,0.023157115
23:34.6,4264.297459,7.46307E+11,203911,0,0,0,0,0,0,207,207,0,0,3277.052508,0,137.5834116,148.4946611,13.92841023,88.301737,0.345360763,0.171072557,0.019937027
23:50.2,4264.447971,7.46307E+11,203911,0,0,0,0,0,0,207,207,0,0,3292.606882,0,225.6956753,237.9210596,20.26685749,103.700734,0.448748371,0.218588032,0.025073333
24:05.7,4264.757706,7.46307E+11,203911,0,0,0,0,0,0,207,207,0,0,3308.15969,0,212.7607573,218.5175323,18.32202805,97.53865669,0.396712928,0.196106067,0.022503975
24:21.3,4264.903114,7.46307E+11,203911,0,0,0,0,0,0,207,207,0,0,3323.693553,0,188.9997655,197.0462482,16.90874981,98.17261811,0.404921815,0.198920256,0.02639395
24:36.8,4264.692242,7.46307E+11,203911,0,0,0,0,0,0,207,207,0,0,3339.212607,0,176.1110454,188.3171662,34.96319448,90.53386888,0.367934798,0.197821336,0.026419136
24:52.3,4264.40871,7.46307E+11,203911,0,0,0,0,0,0,207,207,0,0,3354.765549,0,213.4883466,225.5039516,18.42095213,85.12858853,0.460363062,0.228252635,0.026361572
25:07.9,4264.583748,7.46307E+11,203911,0,0,0,0,0,0,207,207,0,0,3370.30954,0,175.419855,192.3039436,16.84131508,97.78698405,0.372491209,0.180777253,0.02251674
25:23.4,4264.841839,7.46307E+11,203911,0,0,0,0,0,0,207,207,0,0,3385.833558,0,174.8822007,184.7546454,17.22155026,88.63684647,0.423215175,0.185518981,0.024478199
25:39.0,4264.788074,7.46307E+11,203911,0,0,0,0,0,0,207,207,0,0,3401.389559,0,154.7231564,164.1930355,15.3750201,105.5541202,0.358704014,0.1626382,0.022499356
25:54.5,4265.022404,7.46307E+11,203911,0,0,0,0,0,0,207,207,0,0,3416.91754,0,218.3004325,239.857869,20.22382409,92.73581672,0.448867113,0.218315569,0.027047947
26:10.0,4265.247913,7.46307E+11,203911,0,0,0,0,0,0,207,207,0,0,3432.465281,0,191.3835997,220.1661811,37.49514761,89.59500933,0.392339955,0.199385879,0.027656751
26:25.6,4264.675564,7.46307E+11,203911,0,0,0,0,0,0,207,207,0,0,3448.035699,0,149.793223,165.3791214,14.65594686,84.9045928,0.368647778,0.16441434,0.021194036
26:41.2,4264.833988,7.46307E+11,203911,0,0,0,0,0,0,207,207,0,0,3463.586882,0,162.9165426,179.9512575,16.0666535,90.92555853,0.363959449,0.177478459,0.02443544
26:56.7,4264.238125,7.46307E+11,203911,0,0,0,0,0,0,207,207,0,0,3479.117584,0,177.8407662,204.3639475,34.43896664,81.51595466,0.415306404,0.206043487,0.02511155
27:12.2,4264.421238,7.46307E+11,203911,0,0,0,0,0,0,207,207,0,0,3494.681538,0,187.2448001,212.9447296,19.09911919,93.93499878,0.386791171,0.197250647,0.02441539
27:27.8,4264.636848,7.46307E+11,203911,0,0,0,0,0,0,207,207,0,0,3510.220563,0,144.1468525,164.3917458,14.36617343,88.67995257,0.328849461,0.165390042,0.021236854
27:43.3,4264.777966,7.46307E+11,203911,0,0,0,0,0,0,207,207,0,0,3525.77544,0,154.720849,171.1775603,32.43556667,92.70404388,0.359372819,0.192222671,0.024429637
